Transcript id,Source,Gene stable ID,Transcript stable ID,Gene description,Transcript length (including UTRs and CDS),Gene name,Transcript name,Gene % GC content,Gene type,Protein stable ID,Ensembl Family Description,Pfam domain ID,RFAM transcript name ID,Interpro Short Description,SRR3362406,SRR4044997,SRR3616971,SRR2963615,SRR5366356,SRR2963313,SRR2964288,SRR4052832,SRR2964130,SRR4052927,SRR645773,SRR857237,SRR2313095,SRR4050956,SRR2963586,SRR2963434,SRR2939143,SRR903263,SRR4050737,SRR2964133,SRR2963820,SRR2963277,SRR3593406,SRR4050892,SRR2963008,SRR2964588,SRR2963718,SRR3090249,SRR2964480,SRR1313209,SRR315336,SRR3090560,SRR3157890,SRR3362438,SRR1602519,SRR2314045,SRR5038621,SRR4050661,SRR903214,SRR4052754,SRR2963029,SRR2963407,SRR2965196,SRR2963301,SRR2735787,SRR3593239,SRR2963321,SRR1768932,SRR3649344,SRR3593267,SRR5041139,SRR2964958,SRR4050660,SRR2964212,SRR3593230,SRR2962999,SRR4050559,SRR2963763,SRR3090183,SRR1186242,SRR5337127,SRR575151,SRR2963036,SRR2015721,SRR2965397,SRR3950962,SRR5337142,SRR3362425,SRR2964094,SRR1810678,SRR2964164,SRR2965048,SRR4050453,SRR3090116,SRR2963148,SRR5337120,SRR3510009,SRR4050901,SRR575160,SRR5235967,SRR2735960,SRR4050804,SRR4050669,SRR3090089,SRR2964156,SRR3090205,SRR2964515,SRR2963001,SRR1810688,SRR5235934,SRR3090408,SRR3090459,SRR2133252,SRR645769,SRR4052856,SRR3593307,SRR4051015,SRR2735903,SRR2964052,SRR1056401
ENST00000482857,ENSEMBL,ENSG00000152689,ENST00000482857,RAS guanyl releasing protein 3 [Source:HGNC Symbol;Acc:HGNC:14545],688,RASGRP3,RASGRP3-214,40.76,protein_coding,NA,NA,NA,NA,NA,0,0,2.23783557705659,0,0,0,0,0,0,0,0,0,0,0,0,0,7.86079580039486,1.17703936531315,0,0,0,0,1.1254185689192,0,0,0,0,0,0,0,0,0,0,0,0,0.988117106214047,0,0,8.22323187142329,0,0,0,0,0,0,1.01550999718587,0,0,0,0,0,0,0,0,0,0,0,0,0,0,0,0,0,3.30363550357969,0,0,0,0,0,0,0,0,0,0,0,0,1.24540016287828,0,0,10.291833643595,0,0,0,0,0,0,0,0,0,0,0,0,0,0,0,0,0,0,0,2.6848700573264
ENST00000482858,ENSEMBL,ENSG00000100033,ENST00000482858,proline dehydrogenase 1 [Source:HGNC Symbol;Acc:HGNC:9453],4676,PRODH,PRODH-211,58.95,protein_coding,NA,NA,NA,NA,NA,0,0,0,0,0,0,0,0,0,0,0,23.5838444685379,0,0,0,0,0,0,0,0,0,0,0,0,0,0,0,0,0,10.1462010288703,0,0,3.70138645407285,0,0,0,0,0,8.0339443709868e-08,0,0,0,0,0,0,0,0,0,0,0,0,0,0,0,0,0,0,0,0,0,0,0,0,113.912533711351,0,0,0,2.95800669643471,0,0,0,0,0,0,0,0,0.584079344524181,0,0,0,0,0,0,0,0,0,0,0,0,0,0,0,0,0,0,0,0,0,0,0
ENST00000482859,ENSEMBL,ENSG00000241741,ENST00000482859,ribosomal protein L7a pseudogene 30 [Source:HGNC Symbol;Acc:HGNC:35757],796,RPL7AP30,RPL7AP30-201,53.27,processed_pseudogene,NA,NA,NA,NA,NA,0,3.56910143288436,2.66032470286212,0,0.61243217983262,0,2.22393357603626,0,0,0,3.67128175964314,2.52535616684965,1.4235598595818,0,0,0,0.442676430936557,4.99436635332216,0,0,0,0,0.832954012274172,0,0,0,0,0,0,0.875062755493201,4.98400286946001,0,0,2.08068322757469,0,1.93403021779713,0,0,0,0,0,0,0,0,0,0,17.1496174509464,0.949020913787569,0.93388798867514,1.51303038912556,0,0,0,0,0,0,0,0,1.04524495084701,1.10838920334945,1.30417910260397,0,0,0,0,2.86267383061313,1.39456610943317,4.1343553183883,0,1.64554363734262,0,0,0,0,0,0,1.09192929098711,0,0,0,0,0,1.12288402440926,1.23230645575775,0,0,0,0,0,0,0,0,0,0,0,0,1.08353816648095,0,0,0.763615358110301
ENST00000482860,ENSEMBL,ENSG00000146963,ENST00000482860,LUC7 like 2; pre-mRNA splicing factor [Source:HGNC Symbol;Acc:HGNC:21608],2599,LUC7L2,LUC7L2-206,40.36,protein_coding,NA,NA,NA,NA,NA,0,9.29133639820078,1.42494463431356,117.24425417956,3.04037534952663,0,0,0,0,0,0,13.9552553152861,9.06568816931983,0,0,0,8.65996108165851,19.7209414540123,0,0,0,0,16.8890125883628,0,0,0,0,1.08605316965254,0,21.0640465699786,34.8379458602412,3.20301214831249,1.61507798541907,11.4733691522145,11.3957129623889,1.23809315749728,0,1.3712161030076,17.096928020626,0,16.1498216960432,0,0,0,9.35916277477399,9.14786599323078,0,3.39290233908859,2.21318486509866,21.0145780914467,0,0,6.88336633924538,0,7.9530339088248,0,0,0,12.3243457703112,0,0,0,0,55.2703277989761,0,17.3551393994237,10.5692622321654,13.047630218853,5.57992876311605,1.94001914306907,0,0,0,9.36514414906912,0,0,3.62795675265593,0,0,2.08028047090773,4.42983153737069,0,4.29204198612208,3.51298216961243,0,1.70080419700641,0,0,2.51098647482699,9.4266007159833,0,4.33921231445274,10.3697517076283,0,0,14.8102822677846,0,0,0,45.0587957818039
ENST00000482861,ENSEMBL,ENSG00000144290,ENST00000482861,solute carrier family 4 member 10 [Source:HGNC Symbol;Acc:HGNC:13811],583,SLC4A10,SLC4A10-209,35.91,protein_coding,NA,NA,NA,NA,NA,0,0,0,0,1.0782256687194,0,0,0,0,0,0,0,0,0,0,0,0,2.00343870369952,0,0,0,0,0.291628105813767,0,0,0,0,0,0,0,0,0,0,0,0,0,0,0,0,0,0,0,0,0,0,0,0,0,0,0.168714549093561,0,0,0,0,0,0,0,0,0,0,0,0,0,10.7723412876666,0,0,0,0,0,0,0,0,0,0,0,0,0,0,0,0,0,0,0,0,0,0,0,0,0,0,0,0,0,0,0,0,0,0,0,0
ENST00000482862,ENSEMBL,ENSG00000135250,ENST00000482862,SRSF protein kinase 2 [Source:HGNC Symbol;Acc:HGNC:11306],329,SRPK2,SRPK2-211,41.06,protein_coding,NA,NA,NA,NA,NA,0,0,0,0,0,0,0,0,0,0,0,0,0,0,0,0,0,1.5175450833046,0,0,0,0,0,0,0,0,0,0,0,0.18444221888119,0,0,0,0,0,0,0,0,0,0,0,0,0,0,0,0,0,0,0,0,0,0,0,0,0,0,0,0,0,0,0,15.1985713819895,0,0,0,0,0,0,0,0,0,0,0,0,0,0,0,0,0,0.438586783164981,0,0,0,0,0,0,0,0,0,0,0,0,0,0,0,0,0,0,0,0
ENST00000482863,ENSEMBL,ENSG00000106333,ENST00000482863,procollagen C-endopeptidase enhancer [Source:HGNC Symbol;Acc:HGNC:8738],545,PCOLCE,PCOLCE-206,60.91,protein_coding,NA,NA,NA,NA,NA,0,0,0,0,1.08749301834205e-06,0,0,0,0,0,0,0,0.0269383564258145,0,0,0,0,0,0,0,0,0,0.902208622291106,0,0,0,0,0,0,2.77149782881575,0,0,0,0,0,0,0,0,0,0,0,0,0,0,0,0,0,0,0,0.352599910441615,0,0,0,0,2.06709005890564,0,0,0,0,3.28399916606765,0,0,0,0,0,2.51039120241305,0,1.91280933729941,0,0,0,0,0,0,0,0,0,0,0,0,0,0,0,0,0,0,0,0,0,0,0,0,0,0,0,0,0,0,0,0.824210399102054
ENST00000482864,ENSEMBL,ENSG00000078018,ENST00000482864,microtubule associated protein 2 [Source:HGNC Symbol;Acc:HGNC:6839],563,MAP2,MAP2-216,35.9,protein_coding,NA,NA,NA,NA,NA,0,0,0,0,0,0,0,0,0,0,0,0,0,0,0,0,0,0,0,0,0,0,0,0,0,0,0,0,0,0,0,0,0,0,0,0,0,0,16.8742300029717,0,0,0,0,0,0,0,0,0,0,0,0,0,0,0,0,0,0,0,0,0,0,0,0,2.27797526322254,0,0,0,0,0,0,0,0,0,0,0,0,0,0,0,0,0,0,0,0,0,0,0,0,0,0,0,0,0,0,0,0,0,0,0,0
ENST00000482865,ENSEMBL,ENSG00000198836,ENST00000482865,OPA1; mitochondrial dynamin like GTPase [Source:HGNC Symbol;Acc:HGNC:8140],567,OPA1,OPA1-214,36.98,protein_coding,NA,NA,NA,NA,NA,0,36.4997205197245,51.4330798374612,0,24.9093850438894,0,0,0,0,0,20.6586122169719,8.90326260689602,28.3809358579036,0,0,0,24.0490135802978,20.2263621574778,0,0,0,0,27.0951422469555,0,0,0,0,1.81716951998377,0,8.45239315639381,36.1797280912519,24.1954836944456,19.0061512225984,25.053425878099,12.3261650738974,27.122436250718,1.70364658336874,0,30.9599086924539,0,0,0,0,0,0,17.7724263305112,0,11.1115073101061,36.5359400572096,34.085231638823,3.41071619052286,16.6388059357395,0,0,20.6430642689879,0,0,0,0,77.8109653810365,0,0,0,13.6458525957153,0,20.3067682605718,0,30.5681802388796,0,0,0,0,0,29.1553415733957,0,0,28.3886881024134,0,0,9.80624799224832,197.762008881615,0,0,0,0,0,0,0,18.5840974411945,21.8609947619369,0,0,74.9304878803699,28.8734157215276,0,15.8416662147286,0,40.0707749101821,0,20.9196033324692
ENST00000482866,ENSEMBL,ENSG00000186088,ENST00000482866,gamma-secretase activating protein [Source:HGNC Symbol;Acc:HGNC:28042],3458,GSAP,GSAP-211,40.18,protein_coding,NA,NA,NA,NA,NA,0,1.70016617858238,0.587781723874208,0,0,0,0,0,0,0,0,0,0,0,0,0,1.76851952140444,3.01119626749334,0,0,0,0,1.00748340022571,0,0,0,0,0,0,5.48943792188726,0,0,1.16789053107746,0,4.19615444399333,1.04106129852231,16.012829967609,0,3.73573308058732,0,0,0,0,0,0,3.34269806893195,0,1.31915833798762,0,1.93736603869627,0,0,0,0,2.57682349159269,0,0,0,0,0,0,0,0,6.71939294563232,0,0,0,0,0,0,0,0,0,0,0,0,0,0,0,17.4034885250734,0,0,0,0,0,0,0,0,0,27.6109159040509,0,0,2.26497988117096,0,0,1.41621854051928,0,0,0,3.93463641025892
ENST00000482868,ENSEMBL,ENSG00000106771,ENST00000482868,transmembrane protein 245 [Source:HGNC Symbol;Acc:HGNC:1363],555,TMEM245,TMEM245-204,39.52,protein_coding,NA,NA,NA,NA,NA,2.01343761758647,0,0,0,0,0,0,0,0,0,0,0,1.44569082960001,0,0,0,0.661174552912175,1.45738660134344,0,0,0,0,0,0,0,0,0,0,0,0.901403336919836,4.50000377463662,0,0,0,0,0,0,0,0,0,0,0,0,0,0,0,0,0,0,0,0,0,0,0,0,0,0,2.84102280879085,0,0.58852839590263,0,0,0,0,0,0,0,0,0,0,0,0,0,0,0,0,0,0,0,0,0,0,0,0,0,0,0,0,0,0,0,0,1.24659633764085,0,0,0,0,0,0,0
ENST00000482869,ENSEMBL,ENSG00000224542,ENST00000482869,tripartite motif containing 31 [Source:HGNC Symbol;Acc:HGNC:16289],434,TRIM31,TRIM31-236,48.16,protein_coding,NA,NA,NA,NA,NA,0,0,0,0,0,0,0,0,0,0,0,0,0,0,0,0,0,0,0,0,0,0,0,0,0,0,0,0,0,0.0958397932711832,0,0,0,0,0,0,0,0,0,0,0,0,0,0,0,0,0,0,0,0,0,0,0,0,0,0,0,0,0,0,0,0,0,0,0,0,0,0,0,0,0,0,0,0,0,0,0,0,0,0,0,0,0,0,0,0,0,0,0,0,0,0,0,0,0,0,0,0,0,0
ENST00000482870,ENSEMBL,ENSG00000007129,ENST00000482870,carcinoembryonic antigen related cell adhesion molecule 21 [Source:HGNC Symbol;Acc:HGNC:28834],1534,CEACAM21,CEACAM21-205,44.66,protein_coding,NA,NA,NA,NA,NA,0,0,0,0,0,0,0,0,0,0,0,0,0.0381960703504459,0,0,0,0,0,0,0,0,0,0,0,0,0,0,0,0,0,0,0,0,0,3.26154930701056,1.11069284435621,3.0177731575726,0,0,0,0,0,0,0,0,0,0,0,0,0,0,0,0,0,0,0,0,0,0,0,0,0,0,0,0,0,0,0,0,0,0,0,0,0,0,0,0,0,0,1.19737501827573,0,0,0,0,0,0,0,0,0,0,0,0,0,0,0,0,0,0,0,0
ENST00000482871,ENSEMBL,ENSG00000005302,ENST00000482871,MSL complex subunit 3 [Source:HGNC Symbol;Acc:HGNC:7370],834,MSL3,MSL3-215,42.85,protein_coding,NA,NA,NA,NA,NA,0,3.34466501754276,0,0,0,0,0,0,0,0,0,0,0,0,0,0,0,0,0,0,0,0,0,0,0,0,0,0,0,0,0,0,0,0,0,0,0,0,0,0,0,0,0,0,0,1.05751556717863,0,0,0,0,0,0,0,0,0,0,0,0,0,0,0,0,0,0,0,0.553824874394684,0,0,0,0,0,0,2.16838840068307,0,0,0,0,0,0,6.73854071040436,0,0,0,0,0,0,0,0,0,13.7446702882882,0,0,0,0,0,2.23835448036634,0,0,0,0
ENST00000482872,ENSEMBL,ENSG00000080845,ENST00000482872,DLG associated protein 4 [Source:HGNC Symbol;Acc:HGNC:24476],839,DLGAP4,DLGAP4-212,51.09,protein_coding,ENSP00000480166,NA,NA,NA,NA,0,0,2.67987758244785,0,0,0,0,0,0,0,0,0.795558527718982,0,0,0,0,4.74539837680158,0,0,0,0,0,2.25805436696528,0,0,0,0,0,0,5.54861961043692,0,0,0,0,3.00923938403625,0,4.23904956545998,0,0,0,0,0,0,0,0,2.03377764016823,0,10.7572170336342,2.19564402715353,4.39643120609965,0,0,0,0,1.67024934286797,0,0,0,0,1.32236294675377,0,0,0,3.85585151594612,0,3.29379511948375,0,3.6224627968999,0,0,0,0,0,0,0,0,1.51181050464562,0,0,2.98082782907402,0,0,0,0,0,0,0,0,0,2.52834758620518,0,0,0,0,0,2.38093579013653,0,0,0,3.15226318021464
ENST00000482873,ENSEMBL,ENSG00000204580,ENST00000482873,discoidin domain receptor tyrosine kinase 1 [Source:HGNC Symbol;Acc:HGNC:2730],2673,DDR1,DDR1-244,55.25,protein_coding,ENSP00000421978,EPITHELIAL DISCOIDIN DOMAIN CONTAINING RECEPTOR 1 PRECURSOR EPITHELIAL DISCOIDIN DOMAIN RECEPTOR 1 EC_2.7.10.1 CD167 ANTIGEN  FAMILY MEMBER A CELL ADHESION KINASE DISCOIDIN RECEPTOR TYROSINE KINASE TYROSINE KINASE TYROSINE KINASE DDR TYROSINE KINASE CAK CD167A ANTIGEN,PF00754,NA,FA58C;Galactose-bd-like,0,0,0,0,0,0,0,0,0,0,0,0,0,0,0,0,0,0,0,0,0,0,0,0,0,0,0,0,0,0,0,0,0,0,0,0,0,0,0,0,0,0,0,0,0,0,0,0,0,0,0,0,0,0,0,0,0,0,0,0,0,0,0,0,0,0,0,0,0,0,0,0,0,0,0,0,0,0,0,1.64764219862157,0,0,0,0,0,0,0,0,0,0,0,0,0,0,0,0,0,0,0,0
ENST00000482874,ENSEMBL,ENSG00000137266,ENST00000482874,solute carrier family 22 member 23 [Source:HGNC Symbol;Acc:HGNC:21106],622,SLC22A23,SLC22A23-208,47.61,protein_coding,NA,NA,NA,NA,NA,0,0.504873386740464,0,0,0.539112834359701,0,0,0,0,0,0,0.877256721714523,0,0,0,0,0,0,0,0,0,0,0.733085741684493,0,0,0,0,0,0,2.43728922598977,0.299995076011849,0,0.865073976954523,0,0,0,0,0,0,0,0,0,0,0,0,0.389496670866663,0,0,0,1.51843094184205,0,0,0,0,0,0,0,0,0,0,0,0,0,0.928507949251175,0,0.236056539201152,0,0,0,0,0,0,0,0,0,0,0,0,0,0,0,0,0,0,0,0,0,0,0,0,0,0,0,0,0,0,0,0,0,0.388481691514324
ENST00000482875,ENSEMBL,ENSG00000057935,ENST00000482875,metastasis associated 1 family member 3 [Source:HGNC Symbol;Acc:HGNC:23784],2504,MTA3,MTA3-215,43.08,protein_coding,NA,NA,NA,NA,NA,0,5.95149797023526,0.709091756676503,0,3.98759659949662,0,0,0,0,0,0.769595901740505,6.21827686866783,0,0,0,0,3.01669137263753,3.74692826356963,0,0,0,0,10.6292667486931,0,0,0,0,14.1467373998545,0,10.8379992975745,6.74985039303717,2.56493987912455,6.40346539647028,0,2.86816732186259,0.886138834668523,0,1.72588114805052,0,0,0,3.81271578464929,0,0,0,13.6274536107529,0,4.17549000560589,6.42352373788904,8.72156364375236,0,0,0,0,7.12465132562157,0,0,0,7.34982791613022,5.54195644177736,0,0,0,1.84017769339724,0,9.52248071415655,0,20.7530230771493,1.86276621875358,2.19550026401984,0,0,0,0,0,2.34846134553495,1.25287910513938,1.44606023663782,0,0.504263022358102,0,0,0,0,0,1.99612830099446,0,0,0,1.40139855319698,0,0,4.57537135039665,0,0,4.8625834805058,0,12.2284434472686,0,21.485548721769
ENST00000482876,ENSEMBL,ENSG00000116001,ENST00000482876,TIA1 cytotoxic granule associated RNA binding protein [Source:HGNC Symbol;Acc:HGNC:11802],562,TIA1,TIA1-214,39.67,protein_coding,NA,NA,NA,NA,NA,0,0,0.169873890466626,0,0,0,0,0,0,0,0,3.54815262238593,6.58802996132328,0,0,0,7.0839258439141,0,0,0,0,0,2.13728582188018,0,0,0,0,0,0,0.468722618467913,0.514819974999546,0,4.68714258677069,14.1300067033067,3.62983146715734,0,0,4.35579136065291,0,0,0,0,0,0,0,1.33532296153479,0,5.66570756596385,3.68854879301431,2.70083311625445,5.27746826659184,0,0,0,0,0,0,0,0,11.0108125722879,0,0,0,2.87953645340834,0,8.24246873015893,0,7.24415874332916,0,0,0,0,2.93501273326121,0,0,0,2.1887515218117,0,0,0,0,0,0,0,0,0,231.810605050162,0,0,9.34021565063977,0,0,5.55224093757224,0,0,8.65004421338875,45.0126797481647,0,0,1.54424813203687
ENST00000482878,ENSEMBL,ENSG00000162004,ENST00000482878,coiled-coil domain containing 78 [Source:HGNC Symbol;Acc:HGNC:14153],3458,CCDC78,CCDC78-213,65.24,protein_coding,NA,NA,NA,NA,NA,0,1.33806088814438,0,0,9.0222150168599,0,0,0,0,0,0,26.5475689201358,0,0,0,0,0,7.85813844031003,0,0,0,0,0,0,0,0,0,0,0,10.245661675707,0,0,3.58688011988379,0,0.822942163338292,0,8.70758362939552,0,1.16291393030962,0,0,0,0,0,0,0,0,4.01951400847011,0.992389674167659,0,0,0,0,0,0,0,0,0,0,0,0,0,0,0,0,12.0347916541345,0,0,0,0,0,0,0,0,0,0,5.83297962496902,0,0,5.79587720201732,0,0,0,0,0,0,0,0,0,2.61559576239286,0,0,4.42746648429972,0,0,0,0,0,0,3.66735329075795
ENST00000482879,ENSEMBL,ENSG00000115884,ENST00000482879,syndecan 1 [Source:HGNC Symbol;Acc:HGNC:10658],558,SDC1,SDC1-206,57.56,protein_coding,NA,NA,NA,NA,NA,0.00934460047596593,0,3.17788456944257,0,0,0,0,0,0,0,0,5.67751862036809,0,0,0,0,0,0,0,0,0,0,0,0,0,0,0,0,0,0,0,0,0,0,1.04676952577638,0,0,0,0,0,0,0,0,0,0,0,0,0,0,0,0,0,0,0,0,0,0,0,0,0,0,0,0,0,0,0,0,1.70095367322674,0,0,0,0,0,0,0,0,0,0,0,0.866498307185438,0,0,0,0,0,0,0,0,0,0,0,0,1.88534447539373,0,0,0,0,0,0,0
ENST00000482880,ENSEMBL,ENSG00000005448,ENST00000482880,WD repeat domain 54 [Source:HGNC Symbol;Acc:HGNC:25770],1026,WDR54,WDR54-212,54.68,protein_coding,NA,NA,NA,NA,NA,0,1.33662199899217,1.95148197458195,0,4.48087406067906,0,0,0,0,0,3.7655932414975,5.50223875477841,3.09579739507537,0,0,0,0.848471037501705,0,62.5374723617014,0,0,0,0.816877441959031,47.1557815239096,0,0,0,0,0,0,0,51.3696750420387,1.75648577959869,6.13396387645371,4.01876975138225,1.09227747311855,5.96840175714014,0,0,0,0,0,0,0,0,0.297182089923644,0,0,2.88735002282871,1.60994340041589,0,0,0,0,0.446525259605566,0,0,0,0,0,0,0,0,3.8207726281592,0,3.72862646297417,0,1.48251367235448,0,0,0,0,0,0,0,0,1.91461293970789,0,0,1.12119681959953,0,0,0,0,0,0,0,0,0,0,0,0,1.67981848100383,1.24838576931061,2.56325051051635,0,0,0,0,1.11448621742244
ENST00000482881,ENSEMBL,ENSG00000086015,ENST00000482881,microtubule associated serine/threonine kinase 2 [Source:HGNC Symbol;Acc:HGNC:19035],858,MAST2,MAST2-207,41.32,protein_coding,NA,NA,NA,NA,NA,10.0363425099258,12.804851271205,11.2589058362573,0,4.29272368148752,0,0,0,0,0,12.8509347017734,3.12305679313746,2.96174237122897,0,0,0,1.85525069827187,0,0,0,0,0,31.0681370783017,0,0,0,0,0,0,0,8.31524574378099,0,5.37037203441463,5.4784026998896,0,4.87341987912467,0,0,3.81129922777884,0,0,0,0,0,0,10.1345485780458,0,11.173469912364,6.49143934880992,27.362631715641,0,0,0,0,14.9725647690539,0,0,0,0,0,0,0,0,0.0436971336811843,0,0,0,3.92231455247789,0,0,0,0,0,0,0,0,5.45252099502013,0,0,0,0,0,0,0,0,0,0,0,0,0,0,0,8.1058583007909,0,0,19.8406776484323,0,0,0,7.20404502224011
ENST00000482882,ENSEMBL,ENSG00000157985,ENST00000482882,ArfGAP with GTPase domain; ankyrin repeat and PH domain 1 [Source:HGNC Symbol;Acc:HGNC:16922],864,AGAP1,AGAP1-211,47.33,protein_coding,NA,NA,NA,NA,NA,0,0,0.639434363747773,0,0,0,0,0,0,0,0,0,0,0,0,0,0,0,0,0,0,0,0,0,0,0,0,0,0,0.904276065899149,0.450517940522876,0,0,0,0,0,0,0,0,0,0,0,0,0,0,0.570841923378516,0,0,0,0.28760094325783,0,0,0,0,1.44210987746264,0,0,0,0,0,0,1.51985713819895,0,0,0,0,0,0,0,0,0,0,0,0,0,0,0,0,0,0,0,0,0,0,0,0,0,0,0,0,0,0,0,0,0,0,0,0,0,0
ENST00000482885,ENSEMBL,ENSG00000151967,ENST00000482885,schwannomin interacting protein 1 [Source:HGNC Symbol;Acc:HGNC:15678],5949,SCHIP1,SCHIP1-206,39.91,protein_coding,NA,NA,NA,NA,NA,0,0.505459039869083,0.987617566559615,0,1.16001447682011,0,0,0,0,0,0.671364472595148,9.23878936737585,0,0,0,0,7.88297295207819,5.16524892837833,0,0,0,51.5496665110521,27.62281736382,0,0,0,0,8.24680591745676,0,9.19524962626199,1.50859539281045,0,0.863165672250015,1.04035839078483,6.09815290857998,0,1.01965919521711,0,23.6232009975236,14.984471160867,118.63237771189,0,0,91.227971061501,102.131239835536,21.1098556013292,0,1.00860686828763,3.66405325149534,14.1496337031944,2.05807999539482,118.270288109135,0,0,7.28303341130254,0,0,0,4.4342331645904,6.75953741070132,0,0,0,27.467671637836,0,3.90110086262441,0,3.12544453022984,3.93165500601666,1.94292917178368,0,0,0,0,0,3.01828582358181,4.42310598708212,57.1224777798249,0,2.40130076375379,0,0,1.07301049653052,0,0,0,0,0,2.08784902391922,2.44449266865047,0,0,14.3173004453888,0,0,8.7492086043985,0,0,0,21.9535191666865
ENST00000482886,ENSEMBL,ENSG00000243649,ENST00000482886,complement factor B [Source:HGNC Symbol;Acc:HGNC:1037],481,CFB,CFB-281,52.62,protein_coding,NA,NA,NA,NA,NA,0,0,0,0,0,0,0,0,0,0,0,0,0,0,0,0,0,1.79519689918832,0,0,0,0,0,0,0,0,0,0,0,0.143366533946766,0,0,0,0,0,1.11398490729664,0,0,0,0,0,0,0,0,0,0,0,0,0,0,0,0,0,0,0,0,0,0,0,0,0,0,0,0.507730779503182,0,0,0,0,0,0,0,0,0,0,0,0,0,0,0,0.433249153592719,0,0,0,0,0,0,0,0,0,0.246603098325825,0,0,0,0,0,0,0,0,0,0
ENST00000482887,ENSEMBL,ENSG00000135945,ENST00000482887,REV1; DNA directed polymerase [Source:HGNC Symbol;Acc:HGNC:14060],427,REV1,REV1-213,39.33,protein_coding,NA,NA,NA,NA,NA,0,0,0,0,0,0,0,0,0,0,0,0,0,0,0,0,0,0,0,0,0,0,0,0,0,0,0,0,0,1.05386626737179,0,0,0,0,0,0,0,0,0,0,0,0,0,0,0,0,0,0,0,0,0,0,0,0,0.543891008430919,0,0,0,10.9075703113165,0,0,0,0,0,0,0.864934524349092,0,0,0,0,0,0,0,0,0,0,0,0,0,0,0,0,0,0,0,0,0,0,0,0,0,0,0,0,0,0,0,0,0,0
ENST00000482888,ENSEMBL,ENSG00000241358,ENST00000482888,NA,637,AC069528.1,AC069528.1-202,37.16,transcribed_processed_pseudogene,NA,NA,NA,NA,NA,0,0,0,0,0,0,0,0,0,0,0,0,0,0,0,0,0,0,0,0,0,0,0,0,0,0,0,0,0,0.0867893951454189,0,0,0,0,0,0.630663398549931,0,0,0,0,0,0,0,0,0,0,0,0,0,0,0,0,0,0,0,0,0,0,0,0,0,0,0,0,0,0,0,0,0,0,0,0,0,0,0,0,0,0,0,0,0,0,0,0,0,0,0,0,0,0,0,0,0,0,0,0,0,0,0,0
ENST00000482889,ENSEMBL,ENSG00000121940,ENST00000482889,chloride channel CLIC like 1 [Source:HGNC Symbol;Acc:HGNC:29675],752,CLCC1,CLCC1-209,41.67,protein_coding,NA,NA,NA,NA,NA,1.93469155218044,25.2909254860221,9.51184712175512,0,0.000219081978062923,0,0,0,0,0,0.307717699818651,0,2.8856455976502,0,0,55.0305145302383,8.91462411120157,7.19847849841393,0,0,0,0,14.0062995263368,0,0,0,0,0,0,6.08443997818571,58.2548276928208,0,14.5316195460494,0.392270527748558,4.78448155230111,14.7484419731293,5.11403951405968,0,5.98976263514924,0,0,0,0,0,0,4.28263932778858,0,11.2263503249759,6.2502905915277,15.5210974013211,35.2486245835356,0,0,0,7.09453549587819,0,0,0,0,0,0,0,0,9.51913647540214,0,6.45096532058523,0,0,0,0,0,0,0,0,0,0,27.4611504273654,4.67577592868913,0,0.220730479024958,5.68634552649553,0,0,0,0,0,0,0,0,0.602996362057289,5.35147536305945,0,13.6989977791861,7.47549104980931,0,0.0123565392637244,0,0,0,7.49606808870208
ENST00000482890,ENSEMBL,ENSG00000137203,ENST00000482890,transcription factor AP-2 alpha [Source:HGNC Symbol;Acc:HGNC:11742],2071,TFAP2A,TFAP2A-213,47.57,protein_coding,ENSP00000418541,TRANSCRIPTION FACTOR AP 2 AP2 ACTIVATING ENHANCER BINDING 2,PF03299,NA,TF_AP2;TF_AP2_alpha_N;TF_AP2_C,0,0,2.19791632512377,0,0,0,0,0,0,0,3.27141651137311,5.76663041246145,0,0,0,0,0,0,0,0,0,0,0,0,0,0,0,0,0,0.934808575111307,0,0,5.82878386326293,0,0.443225557725568,0,0,0,0,0,0,0,0,0,0,0,0,13.6203985396117,0,0,0,0,0,0,0,0,0,0,0,0,0,0,0,0,0,0,0,0,0,0,0,0,0,0,0,0,0,0,0,0,0,0,0,0,0,0,0,0,0,0,0,0,0,4.71098520760106,0,0,0,0,0,1.44192968838723
ENST00000482891,ENSEMBL,ENSG00000003393,ENST00000482891,ALS2; alsin Rho guanine nucleotide exchange factor [Source:HGNC Symbol;Acc:HGNC:443],4895,ALS2,ALS2-208,38.06,protein_coding,NA,NA,NA,NA,NA,0,3.55941796132668,3.38046501938944,0,0,0,0,0,0,0,0,5.08480230984072,0,0,0,0,0,6.5364880185745,0,0,0,0,0,0,0,0,0,0,0,0.706792872503408,2.75791239547736,0,2.98671426435674,0,5.28371663556129,6.60992001386197,0,0,37.01496894479,0,0,0,0,0,0,4.29286880716773,0,0,0,5.71044760025994,0,0,0,0,4.35120697355148,0,0,0,0,0,0,0,0,4.84842006484103,0,1.4395594317081,0,0,68.003707821848,0,0,0,0,0,0,0,1.39638549574934,0,0,1.96273564304649,0,0,0,0,0,0,0,0,0,1.67873332963617,0,0,1.69752877241349,0,0,6.03713060068786,0,0,0,8.59121401814334
ENST00000482892,ENSEMBL,ENSG00000074964,ENST00000482892,Rho guanine nucleotide exchange factor 10 like [Source:HGNC Symbol;Acc:HGNC:25540],539,ARHGEF10L,ARHGEF10L-208,54.36,protein_coding,NA,NA,NA,NA,NA,0,0,0,0,0,0,0,0,0,0,0,0.328321794865101,0,0,0,0,0,0,0,0,0,0,0,0,0,0,0,0,0,0.527222142371731,0,0,0,0,0,0,0,0,0,0,0,0,0,0,0,0,0,0,0,0,0,0,0,0,0,0,0,0,0,0,0,0,0,0.44589465335723,0,0,0,0,0,0,0,0,0,0,0,0,0,0,0,0,0,0,0,0,0,0,0,0,0,0,0,0,0,0.594845555006188,0,0,0,0,0,0.791934701652879
ENST00000482893,ENSEMBL,ENSG00000204001,ENST00000482893,lipocalin 8 [Source:HGNC Symbol;Acc:HGNC:27038],2625,LCN8,LCN8-204,62.24,protein_coding,NA,NA,NA,NA,NA,0,1.18350399826153,0,0,0,0,0,0,0,0,0,0,3.19389575382536,0,0,0,0,0,0,0,0,0,0,0,0,0,0,0,0,0.202369436342428,0,0,0,0,0,4.84880508667926,0,0,1.3983225972222,0,0,0,0,0,0,0.308116848769629,0,0,0,2.23573771876823,0,0,0,0,1.20368631648555,0,0,0,0,0,0,0,0,0.847418475345376,0,0,0,0,0,0,0,0,0,0,0,0,0,0,0,0,0,0,0,0,0,0,0,0,0,0,0,0,0,0,0,0,0,0,0,1.35840477479691
ENST00000482894,ENSEMBL,ENSG00000168291,ENST00000482894,pyruvate dehydrogenase E1 beta subunit [Source:HGNC Symbol;Acc:HGNC:8808],581,PDHB,PDHB-209,43.56,protein_coding,NA,NA,NA,NA,NA,0,0.252106001301917,0,0,1.33846621612152,0,0,0,0,0,0,13.9065267695775,0,0,0,0,0.49639398289137,0,0,0,0,0,0,0,0,0,0,10.8165198507514,0,3.57872599306329,0.0478567270516945,1.3252539641992,0,0,3.64721385899371,2.89640364408237,12.4729811054933,0,0,0,0,7.14854364488399,0,6.5656222183768,0,4.80156972448639,0,0.031314965498096,2.76032245268729,4.28367927294042,0,1.80307673177897,0,0,0.961624307373529,0,0,0,0,0,1.83394475160421,401.838068482696,0,0,0,1.8605341525953,8.09007843246741,0,0,5.72186336028078,0,0,0,1.46829455128736,0,0,3.06898209640818,0,0.000108036358583633,6.36590311339926,34.8705825966639,0,0,0,0,6.15385921454258,0,0,12.4385819091069,0.637925224904159,14.387717496451,1.26600858486473,0,0,2.82041604554956,0,0,10.8767724508247,0,0
ENST00000482895,ENSEMBL,ENSG00000242970,ENST00000482895,NA,345,AC068522.1,AC068522.1-201,51.88,processed_pseudogene,NA,NA,NA,NA,NA,0,0,0.94692632659815,0,0,0,0,0,0,0,0,0.28941326575801,0,0,0,0,0,0,0,0,0,0,0.384686742948938,0,0,0,0,0,0,1.14826709247147,0,0,0,0.973560775314831,0,0,0,0,0,0,0,0,0,0,0,0,0,0,0,0.700647902348686,0,0,0,0,0.451277160543241,0,0,0,0,0,0,0,0,0,0,1.02370760600811,0,0.767088458711768,0,0,0,56.4582526551752,0,0,0,0,0,0,0,0,0,0,0,0,0,0,0,0,0,0.741044776500086,3.2834509916685,0,0,1.8687865097606,0,0,0,0,0,0
ENST00000482896,ENSEMBL,ENSG00000163539,ENST00000482896,cytoplasmic linker associated protein 2 [Source:HGNC Symbol;Acc:HGNC:17078],580,CLASP2,CLASP2-215,36.82,protein_coding,NA,NA,NA,NA,NA,0,0,0,0,1.72426075151766,0,0,0,0,0,0,3.80791435373186e-06,0,0,0,0,0,0,0,0,0,0,0,0,0,0,0,0,0,0,0,0,7.07184710624455e-06,0,0,0,0,0,0,0,0,0,0,0,0,1.92097914300215,0,0,0,0.596115742021297,0,0,0,0,0,0,0,0,0,0,0,0,0,0,0,0,0,0.41846633535739,0,0,0,0,0,0,0,0,0,0,0,0,0,0,0,0,0,0,0,0,0,0.490387523237785,0,0,0,0,0,0,0,0,0,0
ENST00000482897,ENSEMBL,ENSG00000135250,ENST00000482897,SRSF protein kinase 2 [Source:HGNC Symbol;Acc:HGNC:11306],715,SRPK2,SRPK2-212,41.06,protein_coding,ENSP00000419240,SRSF KINASE 2 EC_2.7.11.1 SFRS KINASE 2 SERINE/ARGININE RICH SPECIFIC KINASE 2 SR SPECIFIC KINASE 2 [CONTAINS SRSF KINASE 2 N TERMINAL; SRSF KINASE 2 C TERMINAL],PF00069,NA,Prot_kinase_dom;Kinase-like_dom;Protein_kinase_ATP_BS,39.2734583856639,2.43488317463644,0,0,0,0,0,0,0,0,0,2.25176753203522,0,14.3386096687802,0,0,0,0,0,0,0,0,0,0,0,0,0,0,0,1.86687460533602,0,4.96158699964835,0,0.759971142686416,0.970129310265414,0,0,54.065816847097,0,14.4156868508374,0,0,0,0,0,7.60534061323538,0,13.4408767536179,5.5566993938412,0,0,0,0,0,0,0,0,0,0,23.5645296037154,0,0,0,11.4185402460413,0,1.99564700801916,0,2.38329854415346,0,0,0,0,11.4413077265744,0,0,1.19985830421817,0,0,0,5.50767986504744,0,0,0,0,0,0,0,0,0,3.36489927665588,0,0,0,0,0,0,2.25032922423644,0,0,0
ENST00000482899,ENSEMBL,ENSG00000197150,ENST00000482899,ATP binding cassette subfamily B member 8 [Source:HGNC Symbol;Acc:HGNC:49],3743,ABCB8,ABCB8-214,57.04,protein_coding,NA,NA,NA,NA,NA,0,3.67774513697704,9.45710237929371,0,11.309778595615,0,0,1.93632631450555,0,87.5187771740359,0,16.7360405169835,6.01537878973568,0,0,0,2.78396914857869,7.37748264509075,0,0,0,4.41854284380447,16.7840347101536,0.960943045865081,0,0,0,19.7851600166313,0,14.422835264056,11.9334773344358,1.07203187761704,4.86227181598186,1.15719340124145,16.4601513062853,8.79447496009908,12.2363182062834,0,0,0,1.01529699783379,0,0,1.42549941343529,0,10.0470125813103,0,14.2504648362698,9.22776172973762,10.1324728034571,0,0,0,0,14.9218456787874,0,0,0,6.36009278123693,1.39423310446531,0.911981715228382,0,0,12.5691226809414,0,14.0706625566594,45.733485931186,2.75483098639604,0,4.3447407715732,0,0,0,3.35560654166755,0,1.01727800289612,15.038143618998,0,0,12.9850403570735,2.9266857408633,0,0,11.9590544242412,0,2.01486869381857,0,0,3.50131302816177,12.3343718292726,0,1.56883498026986,2.77930011569944,0.826705282141782,0,27.7858376007822,0,3.05711086181715,0,7.98633335198597
ENST00000482900,ENSEMBL,ENSG00000115523,ENST00000482900,granulysin [Source:HGNC Symbol;Acc:HGNC:4414],751,GNLY,GNLY-205,45.86,protein_coding,NA,NA,NA,NA,NA,0,0,0,0,0,0,0,0,0,0,0,0,0,0,0,0,0,0,0,0,0,0,0,0,0,0,0,0,0,0,0,0,0,0,2.00760085512431,7.16654352942214,36.9919100455228,0,0,0,0,0,0,0,0,0,0,0,0,0.237442107812314,0,0,0,0,0,0,0,0,0,0,0,0,0,0,0,0,0,0,0,0,0,0,0,0,0,0,0,0,0,0,0,0,0,0,0,0,0,0,0,3.2208090863041,0,0,0,0,0,0,0,0,0,0
ENST00000482902,ENSEMBL,ENSG00000180879,ENST00000482902,signal sequence receptor subunit 4 [Source:HGNC Symbol;Acc:HGNC:11326],2409,SSR4,SSR4-209,61.54,protein_coding,NA,NA,NA,NA,NA,0.374339538914386,0.955341617325776,1.70469068333872,0,3.45101759545841,0,0,0,0,0,0,8.23509564494899,1.11857513049731,0,0,0,1.3837479092503,0,0,0,0,0,1.25816573502343,0,0,0,0,0,0,4.88079257267195,6.22835385457377,0,4.30900033429049,1.30344687678073,1.3751310464779,9.26999516260573,4.78037643560879,0,0,0,0,0,0,0,0,2.28410101161414,0,1.72060809639717,4.20804279341761,1.86731575791262,0,2.10477384486176,0,0,4.08661727171002,0,0,0,0,1.5084288845019,1.75727484990295,0,0,3.73351818484527,0,12.6073695604271,0,2.10406581114365,7.43990501748807,0,0,0,0,0,0,3.63405608300263,3.35728973927332,0.317501540877211,0,2.03639666414032,0,0,0,0,0,1.84568184922361,0,0,5.22217614872428,2.2162343748091,0,1.67529755440496,3.96750035734085,0,0,0,0,0,0,6.17715893273239
ENST00000482903,ENSEMBL,ENSG00000169629,ENST00000482903,RANBP2-like and GRIP domain containing 8 [Source:HGNC Symbol;Acc:HGNC:9849],544,RGPD8,RGPD8-205,39.88,protein_coding,NA,NA,NA,NA,NA,0,0,0.721070022540313,0,0.412014827208064,0,0,0,0,0,0,0.584659667104941,0,0,0,0,0,0,0,0,0,0,0.353081217367694,0,0,0,0,0,0,0.426305169484541,0,0,1.65789808845103,0,0.630213440475339,0,0,0,0.375353729286036,0,0,0,0,0,0,0,0,0,0.498744693650432,0.998778320615444,0,0,0,0,0.472253033224764,0,0,0,0,0,0,0,0,0,0,0,0,0,0,0,0,0,0,4.41464188918894,0,0,0,0,0,0,0,0,0,0,0,0,0,0,12.8775799338104,0.132162984898152,0,0,0.00904554463350106,0,0,3.08251457147512,0,32.1235095138022,0,1.50886678167132
ENST00000482904,ENSEMBL,ENSG00000007384,ENST00000482904,rhomboid 5 homolog 1 [Source:HGNC Symbol;Acc:HGNC:20561],556,RHBDF1,RHBDF1-208,61.15,protein_coding,NA,NA,NA,NA,NA,4.18582729018678,0,0,0,1.52669746223821,0,0,0,0,0,2.29217692857591,1.97683850496641,0,0,0,0,0,0,0,0,0,0,1.5647935081978e-08,0,0,0,0,0,0,13.6485002805686,0,0,0,0.414849849808157,2.96971115644682,2.23818656164979,0,0,0,0,0,0,0,0,0,0,0,5.46428666848713,0,1.2074934021536,0,0,0,0,0,0,0,0,0,2.07394506889706,0,0,0,0,0,6.02405019828937,0,2.82922209282752,0,0,0,0,0,0,0,0,1.84438157892271,0,0,0.796961818033807,0,0,0,0,0,0,0,0,0,0,0,0,0,0,0,0,0,0,0,3.0098174595175
ENST00000482905,ENSEMBL,ENSG00000244582,ENST00000482905,NA,502,RPL21P120,AC233702.1-201,44.02,processed_pseudogene,NA,NA,NA,NA,NA,0,0.791232522965788,0,0,0,0,0,0,0,0,0,0,0.659061765826305,0,0,0,0.409895213119739,1.78075462617592,0,0,0,0,1.27280545728487,0,0,0,0,0,0,0.426242681120036,2.31422111170551,0,0.83358292337085,1.05289919640176,0,2.64941693730826,2.18762782037854,0,0,0,1.08297669570939,0,0,0,0,1.33201378657901,0,0,0.972697772389088,1.4421635299243,0,0,0.862735324337243,0,0.949051934781971,0,0,0,0,0,1.47586485543949,0,0,0.441666035165256,0,1.7774138300525,0,0.816444541588996,0,0,0,0,0,0,0,1.4672322326509,0.796224564930402,0,0,0,0,0.808639201408728,0,0,0,0,0,0,0,0,0,0,0,0,0,0,0,0,0,0.88692455154249
ENST00000482909,ENSEMBL,ENSG00000206268,ENST00000482909,negative elongation factor complex member E [Source:HGNC Symbol;Acc:HGNC:13974],582,NELFE,NELFE-224,49.61,protein_coding,NA,NA,NA,NA,NA,0,0,0,0,0.235715765454258,0,0,0,0,0,0,0.0974159365162812,0,0,0,0,0.115312916636356,0,0,0,0,0,0,0,0,0,0,0,0,0.0603094299501807,0.111850035163544,0,0,0,0.312823464587592,0.316474461353138,0,0,0,0,0,0,0,0,0,0.0914453833126406,0,0,0,0.0644498013264857,0,0,0,0,0,0,0,0,0,0,0,0,0,0,0,0,0,0.275322456687566,0,0,0,0,0,0,0,0,0,0.116596907015043,0,0,0,0,0,0,0,0,0,0,0,0.148822997014848,0,0,0.24481077892993,0,0,0,0,0,0,0.119422118169108
ENST00000482910,ENSEMBL,ENSG00000084636,ENST00000482910,collagen type XVI alpha 1 chain [Source:HGNC Symbol;Acc:HGNC:2193],676,COL16A1,COL16A1-213,56,protein_coding,NA,NA,NA,NA,NA,0,0,0,0,0,0,0,0,0,0,0,1.1380044558915,0,0,0,0,1.22696765806943,0,0,0,0,0,1.26654123962217,0,0,0,0,0,0,36.5825979477455,0,0,0,0,0,0,0,0,0,0,0,0,0,0,0,7.68193846183951,0,11.8700823462415,0,5.02489290147316,0,0,0,0,7.82327720425362,0,0,0,0,0,0,0,0,7.35860070158534,0,10.1169522567229,0,0,0,0,0,0,0,0,0,0,0.450005351243511,0,0,0,0,0,0,0,0,0,0,0,0,0,0,0,0,0,0,7.62957949152221,0,0,0,0
ENST00000482911,ENSEMBL,ENSG00000188467,ENST00000482911,solute carrier family 24 member 5 [Source:HGNC Symbol;Acc:HGNC:20611],2984,SLC24A5,SLC24A5-204,35.32,protein_coding,ENSP00000453395,SODIUM/POTASSIUM/CALCIUM EXCHANGER NA + /K + /CA 2+ EXCHANGE RETINAL NA CA+K EXCHANGER SOLUTE CARRIER FAMILY 24 MEMBER,NA,NA,NA,0,0,0,0,0,0,0,0,0,0,0,0,0,0,0,0,0,1.17703936531315,0,0,0,0,0,0,0,0,0,0,0,0.173578790290838,0,0,0,0,0,0,0,0,2.32582786061924,0,0,0,0,0,0,0,0,4.84103625807741,0,0,0,0,0,0,0,0,0,0,0,0,0,0,0,1.27112771301806,0,0,0,0,0,0,0,0,0,0,0,0,0,0,0,0,0,0,0,0.836420343144182,0,0,0,0,0,0,0,0,1.01991068577522,0,0,0,0,0,0,0.169800596849613
ENST00000482912,ENSEMBL,ENSG00000215003,ENST00000482912,NA,598,RPL15P20,AC130651.1-201,51.17,processed_pseudogene,NA,NA,NA,NA,NA,0.797208455653634,0,0,0,0,0,0,0,0,1.12681996461418,0.326105315072254,0,0,0.930344698799928,0,0,0,0.621609790333626,0,0,0,0,0.18411411748119,0,0,0,0,0,0,0,1.44341350113311,1.07773916142365,0,0,0,0,0,0,0,0,0,0,0,0,0,0,0,0,0.318778596644149,0.084587232477195,0,0,0,0,0,0,0.793537405580422,0,0.351043289295298,0,0,0,0,0,0,0.602366193675939,0,0,0.929988127186009,0,0,0.749239144607952,0,0,0,0.511860255755718,0,0,0,0,0,0,0,0,0,0.511754906214639,0,0,0,0,0,0,0,0.316267800953491,0,0,0,0,0,0.085043270527354
ENST00000482913,ENSEMBL,ENSG00000196083,ENST00000482913,interleukin 1 receptor accessory protein [Source:HGNC Symbol;Acc:HGNC:5995],483,IL1RAP,IL1RAP-219,37.94,protein_coding,NA,NA,NA,NA,NA,0.822349099087124,0,0,0,0.506063600274948,0,0,0,0,0,0,0.690110526401571,0,0,0,0,0,1.19006919108717,0,0,0,0,0.412848231715748,0,0,0,0,4.19155590157537,0,0.31904996706988,0,0,0,2.19469131395579,0,0,0,0,0,0,0,0,0,0,0,0.61625834688716,0,0,0,0,0,0,0,0,0,0,0,0,3.44807252542139,0,0,0,0,0,0,0,0,3.28878368047503,0,1.57358832732619,0,0,0,0,0,0,0.546654866284318,0,0,0,0,0,0,0,0,2.2593923125168,0,0,4.72572922538736,0.351439007486099,0,16.5237928136413,0,0,0,0,0,0,0,0.838544965488098
ENST00000482914,ENSEMBL,ENSG00000204256,ENST00000482914,bromodomain containing 2 [Source:HGNC Symbol;Acc:HGNC:1103],4834,BRD2,BRD2-212,51.46,protein_coding,ENSP00000431514,BROMODOMAIN CONTAINING,NA,NA,Bromodomain,0,0.00430245022206036,22.5703566641417,0,0,0,0,0,0,0,32.803588911307,0,1.75647939324941e-08,0,0,0,0,0,0,0,0,0,0,0,0,0,0,0,0,0,0,0,0,0,0,0.755686110678469,0,0,0.869381662246238,0,0,0,0,0,0,0,0,0,85.9295620630816,2.12627571931633e-08,0,0,0,0,0,0,0,0,0,0,0,0,0,0,0,0,0,0,0,0,0,0,0,0,0,0,0,0,0,0,0,0,0,0,0,4.54643114764031,0,0,0,454.620209856607,0,0,0,0.0347374685513869,0,0,0,0,0,0
ENST00000482915,ENSEMBL,ENSG00000154642,ENST00000482915,chromosome 21 open reading frame 91 [Source:HGNC Symbol;Acc:HGNC:16459],665,C21orf91,C21orf91-205,37.16,protein_coding,NA,NA,NA,NA,NA,0,0,0,0,0,0,0,0,0,0,0,2.41039109472817,0.755989499770209,1.8443886903545,0,0,0,0,61.5567845575882,0,0,0,1.73634290260939,0,0,0,0,0,0,0.198579343456427,0.328965668251318,0,0,1.2897232928414,1.11241130899457,0,0,0,0,0,0,0,0,0,0,0.39953203663109,0,0,0,0.199985790768052,0,0,0,0,0,0,0,0,0,1.34146160195068,0,0,15.6786474859722,0,0,0,0,0.729519396430588,0,0,0,0,0,0,0,0,0.458875897686525,0,0,0,0,0,0,0,0,0,0,0,0,0.502157889120877,0,0,0,0,0,0,0,3.32115352695229,0,1.6758877427505
ENST00000482916,ENSEMBL,ENSG00000237515,ENST00000482916,shisa family member 9 [Source:HGNC Symbol;Acc:HGNC:37231],556,SHISA9,SHISA9-202,43.22,protein_coding,NA,NA,NA,NA,NA,0,0,0,0,0,0,0,0,0,0,0,0.0117910505506067,0,0,0,0,0,0.936526672523161,0,0,0,0,0,0,0,0,0,0,0,0,0,0,0,3.4779219087721,0,0,0,0,0,0,0,0,0,0,0,0,0,0,2.47214636446226,0.0293419908056066,0,0,0,0,0.765099887690067,0,0,0,0,0,0,0,0,0.206175220214579,0,0,0,5.27858216071419,0,0,0,0,0,0,0,0,0,0,0,0,0,0,0,0,0,0,0,0,0,0,0,0,0,0,0,0,0,0,0,0
ENST00000482917,ENSEMBL,ENSG00000182263,ENST00000482917,fidgetin; microtubule severing factor [Source:HGNC Symbol;Acc:HGNC:13285],600,FIGN,FIGN-203,36.3,protein_coding,NA,NA,NA,NA,NA,0.18650531677562,0,1.83629804032955,0,0,0,0,0,0,0,0,0,0,0,0,0,0.616312105217421,0,0,0,0,0,0,0,0,0,0,0,0,0.747293143748018,0,1.88094148861914,0,1.28327253731001,1.23997059624358,0,0,0,0,0,0,0,0,0,0,2.68566970061559,0,0.473373061181106,0,2.19797940268109,0,0,0,0,0.63526866068721,0,0,0,0,0,0,0,0,0,0,0,0,2.26443672120508,0,0,0,0,0,0,0,0,1.35686989036981,0,0,0,0,0,0,0,0,0,0,0,0,0,0,0,0.329429654754042,0.170635782008192,0,0.468554842539478,0,0,0,5.30703275423623
ENST00000482918,ENSEMBL,ENSG00000134330,ENST00000482918,isoamyl acetate hydrolyzing esterase 1 (putative) [Source:HGNC Symbol;Acc:HGNC:27696],863,IAH1,IAH1-205,45.86,protein_coding,ENSP00000419110,ISOAMYL ACETATE HYDROLYZING ESTERASE EC_3.1.-.-,PF00657,NA,NA,0,23.2723407111564,30.6205731183296,0,12.1047543811618,0,0,0,0,0,65.9041138299072,0,0,0,0,0,42.5742225770191,11.5374811035234,0,0,0,0,19.3875154131719,0,0,0,0,0,0,0,0,0,13.8017936455574,0,29.7024890602704,36.4715166035019,0,0,28.2592736720959,0,0,0,0,0,0,6.51611674114987,0,41.6651816032005,31.8977388779318,55.3624982832084,21.0246480078403,0,0,0,14.9716003611145,49.9848726924659,0,0,0,7.00790332850227,0,0,13.898827021674,21.7280215624743,0,14.1525210292297,0,0,0,0,0,0,0,0,0,0,27.344575670629,13.6544443662601,0,8.16029113283422,0,0,0,0,0,0,0,0,39.6054790249521,5.85561523005654,0,0,8.56628029110652,76.2729578725163,34.9287374120972,0,0,11.0326851047774,0,0
ENST00000482919,ENSEMBL,ENSG00000243570,ENST00000482919,complement factor B [Source:HGNC Symbol;Acc:HGNC:1037],568,CFB,CFB-267,52.68,protein_coding,NA,NA,NA,NA,NA,0,0,0.0997931492641239,0,0,0,0,0,0,0,0,0.0984288043520057,0,0,0,0,0,1.05923538043579,0,0,0,0,0.162091488715246,0,0,0,0,0,0,0,0,0,0.305257895837731,0,0,0,0,0,0,0,0,0,0,0,0,0.59131320681077,0,0.0281159127357699,0.64878139603266,0.109710684697266,0,0,0,0,0.26342890537624,0,0,0,0,0,0,0,0,0.0143509047672026,0,0,0,0,0,0,0,0,0,0,0,0,0,0,0,0.116369856156697,0,0,0,0,0,0,0,0,0,0,0,0,0,0.550912597762694,0,1.8405208093179,0,0,0,0
ENST00000482920,ENSEMBL,ENSG00000165152,ENST00000482920,transmembrane protein 246 [Source:HGNC Symbol;Acc:HGNC:28180],410,TMEM246,TMEM246-204,39.12,protein_coding,NA,NA,NA,NA,NA,0,0,0,0,0,0,0,0,0,0,0,0,0,0,0,0,0,0,0,0,0,0,0,0,0,0,0,0,0,0,0,0,0,0,0,0,0,0,0,0,0,0,0,0,0,0,0,0,0,0,0,0,0,0,0,0,0,0,0,0,0,0,0,0,0,0,0,0,0,0,0,0,0,0,0,0,0,0,0,0,0,0,0,0,0,0,0,0,0,0,0,0,0,0,0,0,0,0,0,0
ENST00000482921,ENSEMBL,ENSG00000196372,ENST00000482921,ankyrin repeat and SOCS box containing 13 [Source:HGNC Symbol;Acc:HGNC:19765],489,ASB13,ASB13-204,50.97,protein_coding,NA,NA,NA,NA,NA,0,0,0,0,0,0,0,0,0,0,0,1.42710620191449,0,0,0,0,0,0,0,0,0,0,0,0,0,0,0,0,0,3.49448820613515,1.49644301218012,0,0,1.47629189332716,0.668219255401842,0.873229154900206,0,0,0,0,0,0,0,0,0,0,0,0,0.686370632290557,0.594092854577665,0,0,0,0,0,0,0,0,0,0,0,0,0,0,0,0,0,0,0,0,0,0,0,0,0,0,0,0,0,0,0,0,0,0,0,0,0,0,0,0,0,1.44640410481758,0,1.41117731514069,0,0,0,0,0,0.457300175411504
ENST00000482924,ENSEMBL,ENSG00000001630,ENST00000482924,cytochrome P450 family 51 subfamily A member 1 [Source:HGNC Symbol;Acc:HGNC:2649],555,CYP51A1,CYP51A1-205,39.91,protein_coding,NA,NA,NA,NA,NA,112.366248075009,0,0,0,0,0,0,0,0,2.24407120959066,0,0,0,0,0,0,3.51616573432399,9.03063443367308,0,0,0,0,0,0,0,0,0,0,0,0.552862333379542,5.32890689211981,0,0,0,1.57805884414953,0,0,0,4.51949055305879,0,0,0,0,4.03211062086653,0,0.884963969530665,0,0,0,0,0,0,0,0,0,0,0,0,0,0,0,0,0,0,0,2.6085782293275,0,0,0,0,0,0,0,0,0,0,0,0,0,0,0,0,0,0,0,0,0,0,0,0.341098939573297,0,0,0,0,0,0,0,0,0,0
ENST00000482925,ENSEMBL,ENSG00000168758,ENST00000482925,semaphorin 4C [Source:HGNC Symbol;Acc:HGNC:10731],3776,SEMA4C,SEMA4C-206,62.17,protein_coding,NA,NA,NA,NA,NA,0,0,0,0,4.2324993867612,0,0,0,0,0,0,25.7023215656902,0,0,0,0,0,0,0,0,0,0,40.2757306481461,0,0,0,0,0,0,36.4656058430895,59.7723225824344,0,33.6985675827787,10.3640740787809,18.4013546220246,0,0,0,0,0,0,0,0,0,0,34.4533179125711,0,7.97518956055916,10.5881283349623,94.9810609886529,0,0,0,0,65.9387626516623,0,0,0,0,10.9644211882124,0,0,0,58.6964406947975,0,29.1651276277009,0,5.64473342810248,0,0,0,0,0,0,0,0,3.31542998781195,0,0,0,0,0,0,0,0,0,0,0,0,23.4095635781837,0,0,11.0625120554332,6.10092056673053,0,0,0,0,0,45.3612106447931
ENST00000482926,ENSEMBL,ENSG00000137413,ENST00000482926,TATA-box binding protein associated factor 8 [Source:HGNC Symbol;Acc:HGNC:17300],1066,TAF8,TAF8-208,45.88,protein_coding,NA,NA,NA,NA,NA,2.66496061148541,3.11035832749037,3.76774568042619,0,1.92850903994318,0,0,0,0,0,0,5.45439618262822,1.90005344512424,0,0,0,2.99312371748276,0,0,0,0,11.7827809168119,1.24182525384128,0,0,0,0,1.85689284569062,3.48187251754715,3.49361163324418,3.8512126017597,0,0,1.81163890747308,1.81952657288476,1.35305678841895,4.35396515676095,0,0,0,0,0,0,0,0,3.6157512203116,0,0,0,1.20906244746017,0,0,1.72084158481134,0,4.70701213176852,0,0,0,0,0,9.3193557114903,1.51985713819895,0,0.624348272987836,0,1.00716766483105,0,0,2.92922080372286,0,0,0,0,0,0,0,0,14.1959408586414,0,8.60424154052068,5.8533714817266,0,18.2411784410189,0,0,1.49942890109078,0,0,0,5.58570813893892,0,1.44640410481758,5.30857437566775,0,0,0,0,0,0,1.63517804965581
ENST00000482927,ENSEMBL,ENSG00000183833,ENST00000482927,MYCBP associated and testis expressed 1 [Source:HGNC Symbol;Acc:HGNC:24010],2712,MAATS1,MAATS1-211,38.23,protein_coding,ENSP00000418601,NA,NA,NA,NA,0,0,0,0,0,0,0,0,0,0,0,0,0,0,0,0,0,0,0,0,0,0,0,0,0,0,0,0,0,0,0,0,0,0,5.2640597083383,0,0,0,0,0,0,0,0,0,0,0,0,0,0,0.474135123026653,0,0,0,0,0,0,0,0,0,0,0,0,0,0,0,0,0,0,0,0,0,0,0,0,0,0,0,0,0,0,0,0,0,0,0,0,0,0,0,0,0,0,0,0,0,0,0,0,0,2.49297840282665
ENST00000482928,ENSEMBL,ENSG00000117472,ENST00000482928,tetraspanin 1 [Source:HGNC Symbol;Acc:HGNC:20657],844,TSPAN1,TSPAN1-208,50.69,protein_coding,NA,NA,NA,NA,NA,0,0,0,0,0,0,0,0,0,0,0,0,0,0,0,0,0,0,0,0,0,0,0.645214419257481,0,0,0,0,0,0,0,0,0,0,0,0,0,0,0,0,0,0,0,0,0,0,0,0,0,0,0,0,0,0,0,0,0,0,0,0,0,0,0,0,0,0,0,0,0,0,0,0,0,0,0,0,0,0,0,0,0,0,0,0,0,0,0,0,0,0,0,0,0,0,0,0,0,0,0,0,0
ENST00000482929,ENSEMBL,ENSG00000142687,ENST00000482929,KIAA0319 like [Source:HGNC Symbol;Acc:HGNC:30071],1524,KIAA0319L,KIAA0319L-216,41.89,protein_coding,ENSP00000420742,NA,NA,NA,MANSC_dom;KIAA0319-like,0,0,2.8021214717364,0,0,0,0,0,0,0,0,0,2.42022981948325,4.7475118206332,0,0,0,0,0,0,0,0,0,0,0,0,0,0,0,0,0,0,0,0,0.810018006197415,2.64110479371537,0,0,0,0,0,0,0,0,0,0,0,0,0,0,0,0,0,0,0,0,0,0,0,0,0,0,0,0.82029260994957,0,0,0,0,0,0,0,0,0,0,0,0,0,0,0,0,0,0,0,0,0,0,0,0,0,1.99734453267313,0,0,0,0,0,4.66384615605145,0,0,0,1.75748711757255
ENST00000482930,ENSEMBL,ENSG00000185638,ENST00000482930,ferritin heavy chain 1 pseudogene 14 [Source:HGNC Symbol;Acc:HGNC:39090],551,FTH1P14,FTH1P14-201,61.34,processed_pseudogene,NA,NA,NA,NA,NA,0,0,0,0,0,0,0,0,0,0,0,0,0,0,0,0,0,0,0,0,0,0,0,0,0,0,0,0,0,0,0,0,0,0,0,0,0,0,0,0,0,0,0,0,0,0,0,0,0,0,0,0,0,0,0,0,0,0,0,0,0,0,0,0,0,0,0,0,0,0,0,0,0,0,0,0,0,0,0,0,0,0,0,0,0,0,0,0,0,0,0,0,0,0,0,0,0,0,0,0
ENST00000482931,ENSEMBL,ENSG00000224979,ENST00000482931,LSM2 homolog; U6 small nuclear RNA and mRNA degradation associated [Source:HGNC Symbol;Acc:HGNC:13940],641,LSM2,LSM2-218,48.12,protein_coding,NA,NA,NA,NA,NA,31.765367687612,9.40922433400468,10.3738174109429,0,0.706372591219798,0,0,0,0,8.07609811334745e-08,21.4702250537378,0,0,0,0,0,7.3231869794817,0,0,0,0,0,2.50346214985159,0,0,0,0,0.726867807993509,0,2.00355922375054,13.0190658511358,4.90765625826277,5.59969067569896,6.64403493086391,0,4.08358334541472,5.52423821170357,0,3.69905477522535,0,0,0,0,3.77807237039822,0,4.10525645795191,0,2.11798360150757,4.47096200854217,2.46309744512671,0,3.0962526525688,0,0,0,0,0,0,12.3093559495319,0,0,0,0,0.974908347868711,0,5.17203184083755,11.051989263569,7.82742785560586,0,5.61824693784946,0,0,0,21.99878222735,0,0.196417945588779,5.55477041458977,0,0,0,0,0,0,4.85123799023625,0,2.1665296178325,0,0,5.84168869938182,0,12.995509898158,11.957133453706,9.63915470121326,11.9511134812983,0,0,3.68289478594715,0,0,0
ENST00000482932,ENSEMBL,ENSG00000125462,ENST00000482932,chromosome 1 open reading frame 61 [Source:HGNC Symbol;Acc:HGNC:30780],826,C1orf61,C1orf61-215,51.53,protein_coding,NA,NA,NA,NA,NA,0,0,0,0,0.0192821252788428,0,0,0,0,0,0,0,0,0,0,0,0,0,0,0,0,0,0,0,0,0,0,0,0,0,0,0,0,0,0,0,0,0,0,0,0,0,0,0,0,0,0,0,0,0,0,0,0,0,0,0,0,0,0,0,0,0,0,4.16190940959424,0,0,0,0,0,0,0,0,0,0,0,0,0,0,0,0,0,0,0,0,0,0,0,0,0,0,0,0,0,0,0,0,0,0,0,0
ENST00000482933,ENSEMBL,ENSG00000124749,ENST00000482933,collagen type XXI alpha 1 chain [Source:HGNC Symbol;Acc:HGNC:17025],1413,COL21A1,COL21A1-209,36.73,protein_coding,NA,NA,NA,NA,NA,0,0,0,0,0,0,0,0,0,0,0,0,0,0,0,0,0,1.17703936531315,0,0,0,0,0.556192152216025,0,0,0,0,0,6.9637450350943,0,0,0,0,0,1.07167677829275,0,0,0,1.30385909866315,0,0,0,0,0,0,0,0,0,0,0.699681167982379,0,0,0,0,3.46184750654471,0,0,0,0,0,0,0,0,1.25666651673629,0,0,0,0,0,0,0,0,0,0,0,0,0,0,0,0,0,0,0,0,0,0,0,0,0,0,0,0,0,0,0,0,0,0,0,0.290870120409356
ENST00000482934,ENSEMBL,ENSG00000171735,ENST00000482934,calmodulin binding transcription activator 1 [Source:HGNC Symbol;Acc:HGNC:18806],743,CAMTA1,CAMTA1-211,48,protein_coding,ENSP00000451443,NA,NA,NA,NA,0,0.936252354573119,1.55514498086508,0,4.52233183764132,0,0,0,0,54.8637261534354,0,0,0,0,0,10.0255177200359,0,0,0,0,0,0,0,0,0,0,0,0,0,0,0,0,0,0,0,2.4149362857274,3.34259579080096,0,0,0,0,0,0,0,0.105418801746222,0,0,0,0,0.881123542659559,0,0,0,0,0,0,0,0,0,0,0,0,0,0,0,3.572394337328,0,0,0,0,0,0,0,0,0,0,0,0,12.5009768212268,0.608121509457348,0,0,0,0,0,0,0,0,0,0.863811196939631,0,0,0,0,0,0,0,0,0,4.26172329997033
ENST00000482935,ENSEMBL,ENSG00000119772,ENST00000482935,DNA methyltransferase 3 alpha [Source:HGNC Symbol;Acc:HGNC:2978],519,DNMT3A,DNMT3A-212,53.43,protein_coding,NA,NA,NA,NA,NA,126.394622295826,0,0,0,1.60096025517125,0,0,0,0,0,0,3.14406294040771e-07,0,0,0,0,1.3638948285249,2.20022791518623,0,0,0,0,0,0,0,0,0,0,0,2.57518889593633,1.93574018557925,0,2.1794369590012,14.6314711580092,1.83685446307449,3.41587477883396,5.22256184220664,0,0,0,0,0,0,0,0,0,0,3.29685181756113,4.7694462846881,2.86848476368872,0,0,0,0,1.85359644316154,0,0,0,12.2173822075558,0,0,0,0,0,0,8.32870592998405,7.83259198765144,10.5073058192773,0,0,0,0,0,0,0,0,0,47.2360668025603,0,0,0,0,3.88949136824369,0,0,0,0,0,0,0.592587245276956,0,0,0,0,0,5.29934010353111,0,0,0,2.86726985846225
ENST00000482936,ENSEMBL,ENSG00000026036,ENST00000482936,RTEL1-TNFRSF6B readthrough (NMD candidate) [Source:HGNC Symbol;Acc:HGNC:44095],4931,RTEL1-TNFRSF6B,RTEL1-TNFRSF6B-202,59.83,protein_coding,ENSP00000457868,HELICASE EC_3.6.4.12,PF13307;PF06733,NA,NA,0,0,0,0,0,0,0,0,0,0,17.944109967132,0,29.7204386952253,0,0,0,0,0,0,0,0,0,7.3999507479987,0,0,0,0,0,0,27.0038259843359,0.00276567584136556,0,0,0,5.41473859409376,0,18.2245727279544,0,0,0,0,0,0,0,0,4.51391183447506,0,0,4.00774007971414,0,0,0,0,0,7.93734036144761,0,0,0,0,38.6781127833978,0,0,0,6.24649106546583,0,6.68918533931176,0,0,0,0,0,0,0,0,0,0,0,0,0,14.7916460026397,0,0,0,0,0,0,0,0,0,0,0,0,0,11.0771655179352,0,0,0,0,0,10.5568936475132
ENST00000482937,ENSEMBL,ENSG00000142102,ENST00000482937,protein-glucosylgalactosylhydroxylysine glucosidase [Source:HGNC Symbol;Acc:HGNC:26210],734,PGGHG,PGGHG-207,64.81,protein_coding,ENSP00000431881,ACID TREHALASE PRECURSOR EC_3.2.1.28 ALPHA ALPHA TREHALASE ALPHA ALPHA TREHALOSE GLUCOHYDROLASE,NA,NA,NA,18.7169769457193,0,1.6900478136341,0,0.997159271816734,0,0,0,0,0,0,0,8.07466185322035,0,0,0,1.50419781052435,0,0,0,0,0,2.79760180741636,0,0,0,0,1.81716951998377,0,23.8680383483368,0,0,0.333621584243215,8.35060789161318,0,7.36520249996537,9.36995424260855,0,0,0,0,0,0,0,0,0,0,0.195621876947591,0.950456014043916,0.327139197837906,0,0,3.87113639552821,0,0.887307908299368,0,0,0,0,0,0,0,0,0.919788013139871,0,3.22254912873278,0,2.01222885650522,0,0,0,0,0,0,0,0,0,0,0,0,0,0,0,0,0,0,0,0,0,3.29094300746796,0,0,0,0,0,1.15519582685031,0,0,0,0
ENST00000482938,ENSEMBL,ENSG00000241404,ENST00000482938,EGF like domain multiple 8 [Source:HGNC Symbol;Acc:HGNC:13944],533,EGFL8,EGFL8-223,55.93,protein_coding,NA,NA,NA,NA,NA,0,0,0,0,0.519990502124962,0,0,0,0,0,0,0.143333945459427,0,0,0,0,0.0211482185054981,0.367977816777852,0,0,0,0,0,0,0,0,0,0,0,0,0.32601038318321,0,0.335706225964722,0,0.417548015269966,0.185865332840244,0.297339758939675,0,0,0,0,0,0,0,0.22933037321912,0,0,0.190310069208825,0,0,0,0,0,0,0,0,0,0,0,0.174059430548188,0,0,0,0.352382872021343,0,0,0,0,0,0,0,0,0,0,0,0,0.210322367762583,0,0,0,0,0,0,0,0,0,0,0,0,0.045901221103779,0,0,0,0.166625924112037,0,0.566788252000664,0,0,0,0.309195000821366
ENST00000482939,ENSEMBL,ENSG00000163515,ENST00000482939,resistin like beta [Source:HGNC Symbol;Acc:HGNC:20388],511,RETNLB,RETNLB-202,43.72,protein_coding,NA,NA,NA,NA,NA,0,0,0,0,0,0,0,0,0,0,0,0.571595844088303,0,0,0,0,0,0,0,0,0,0,0,0,0,0,0,0,0,0,0,0,0,0,0,0.682440863570881,0,0,0,0,0,0,0,0,0,0,0,0,0,0,0,0,0,0,0,0,0,0,0,0,0,0,0,0,0,0,0,0,0,0,0,0,0,0,0,0,0,0,0,0,0,0,0,0,0,0,0,0,0,0,0,0,0,0,0,0,0,0,0,0
ENST00000482940,ENSEMBL,ENSG00000196511,ENST00000482940,thiamin pyrophosphokinase 1 [Source:HGNC Symbol;Acc:HGNC:17358],2815,TPK1,TPK1-205,37.29,protein_coding,ENSP00000449909,NA,NA,NA,NA,0,0,0,0,0,0,0,0,0,0,0,0,0,0,0,0,0,0,0,0,0,0,0,0,0,0,0,0,0,0,0,0,0,0,0,0,0,0,0,0,0,0,0,0,0,0,0,0,0,0.624539082107089,0,0,0,0,0,0,0,0,0,0,0,0,0,0,0,0,0,0,0,0,0,0,0,0,0,0,0,0,0,4.09379291475528,0,0,0,0,0,0,0,0,0,1.29795348551126,0,0,0,0,0,0,0,0,0,0
ENST00000482941,ENSEMBL,ENSG00000122507,ENST00000482941,Bardet-Biedl syndrome 9 [Source:HGNC Symbol;Acc:HGNC:30000],707,BBS9,BBS9-211,37.38,protein_coding,NA,NA,NA,NA,NA,0,0,2.8943200850069,0,0.057671595455629,0,0,0,0,0,2.10392758484336,3.09364818695912,0,0,0,0,0,0,0,0,0,0,0,0,0,0,0,0,0,0.558247615348315,0.273234478035222,0,0,0.457661391979783,0,0,0,0,0,0,0,0,0,0,0,5.69156524215746,0,4.83656306747605,0,0,0,0,0,0,3.49057809579334,0,0,0,0,0.164137929374113,0,12.1588571055916,0,0,0,0.7162346723845,0,0,0,0,0,0,0,0,0,0,0,0,0,2.92606946855143,0,0,0,0,0,0,0,0,0,1.44998429562913,0,5.78561641927032,0,0,0,2.57743232123599,0,10.0092561015669,0,0
ENST00000482942,ENSEMBL,ENSG00000155754,ENST00000482942,C2 calcium dependent domain containing 6 [Source:HGNC Symbol;Acc:HGNC:14438],202,C2CD6,C2CD6-205,37.84,protein_coding,NA,NA,NA,NA,NA,0,0,0,0,0,0,0,0,0,0,0,0,0,0,0,0,0,0,0,0,0,0,0,0,0,0,0,0,0,0,0,0,0,0,0,0,0,0,0,0,0,0,0,0,0,0,0,0,0,0,0,0,0,0,0,0,0,0,0,0,0,0,0,0.423709237672688,0,0,0,0,0,0,0,0,0,0,0,0,0,0,0,0,0,0,0,0,0,0,0,41.918313181872,0,0,0,0,0,0,0,0,0,0,0,0.339601193699226
ENST00000482943,ENSEMBL,ENSG00000134375,ENST00000482943,translocase of inner mitochondrial membrane 17A [Source:HGNC Symbol;Acc:HGNC:17315],2523,TIMM17A,TIMM17A-203,42.32,protein_coding,NA,NA,NA,NA,NA,0,33.5884186224243,3.81031708478,0,12.0478779771369,0,0,0,0,0,2.33528409894161,16.4098307687623,7.56839743050419,0,0,0,5.47283258663477,9.51843485783981,0,0,0,0,23.5549245832128,0,0,0,0,0,0,28.5049353627711,40.3184210942516,10.6891038484916,8.71088760137086,0,6.92763163607246,8.29089023635696,6.05150398155034,0,2.41625604784012,0,0,0,0,0,7.99547036407092,17.309942940508,0,11.1798359331439,9.63785359034258,17.210233723936,0,0,0,0,16.8772266126056,0,0,0,23.8199104541873,55.1238063130048,4.12477217780894,0,0,6.03997518302417,0,5.73216380808587,9.57707754433097,7.71193753041631,3.77359422392013,20.5972802429215,0,4.71449571242245,0,11.3226736172522,0,2.53475394602863,10.5228717613649,0,0,14.90684695258,0,0,0,21.9188133022649,0,0,0,0,12.3859569637938,33.5824099300108,0,16.4519065296318,12.8854336418429,0,0,10.9510171069545,0,12.4791265379376,0,21.3780649439631
ENST00000482945,ENSEMBL,ENSG00000137845,ENST00000482945,ADAM metallopeptidase domain 10 [Source:HGNC Symbol;Acc:HGNC:188],2333,ADAM10,ADAM10-210,37.38,protein_coding,NA,NA,NA,NA,NA,0,0,0,0,0,0,0,0,0,0,0,7.83646470328181,0,0,0,0,0,4.82172998961168,0,0,0,0,7.10865912854036,0,0,0,0,0,0,1.89659129423381,6.8663538376661,0,1.34504884377191,0,3.38354579285876,0,3.23255417045313,0,3.021273649223,0,0,0,0,0,0,0.789604886004953,0,0,0,7.07981923797783,0,0,0,0,1.11903321777021,0,0,0,0,0,0,0,0,0,0,3.96786027569564,0,1.22419744700923,0,0,0,0,0,0,0,15.4862782930289,0.888044394869266,0,0,0.978163944032426,0,0,0,0,0,0,0,0,0,38.5702041967489,0,0,1.42423869004298,0,0,0,0,0,0,4.58658580186301
ENST00000482946,ENSEMBL,ENSG00000065029,ENST00000482946,zinc finger protein 76 [Source:HGNC Symbol;Acc:HGNC:13149],162,ZNF76,ZNF76-207,48.23,protein_coding,NA,NA,NA,NA,NA,0,0,0,0,0,0,0,0,0,0,0,0.285797922044151,0,0,0,0,0,0,0,0,0,0,0,0,0,0,0,0,0,0.541968528500889,0.258781529606688,0,0,0,0,0,0,0,0,0,0,0,0,0,0,0,0,0,0,0,0,0,0,0,0,0,0,0,0,0,0,0,0,0,0,0,0,0,0,0,0,0,0,0,0,0,0,0,0,0,0,0,0,0,0,0,0,0,0,0,0,0,0.759772261246897,0,0,0,0,0,0,0
ENST00000482947,ENSEMBL,ENSG00000230985,ENST00000482947,valyl-tRNA synthetase 2; mitochondrial [Source:HGNC Symbol;Acc:HGNC:21642],2228,VARS2,VARS2-248,53.79,protein_coding,NA,NA,NA,NA,NA,0.691221702000803,36.534960682119,10.2715082447811,0,0,0,0,0,0,0,14.1886779640029,0,26.8412561787413,0,0,0,0,0,0,0,0,0,0.563555998491246,0,0,0,0,0,0,0,0,0,0,0,0,18.6680149951171,17.2209221821022,0,0,0,0,0,0,0,0,0,0,11.2974799971569,0,0,0,0,0,0,4.79832402893803,0,0,0,0,0,0,0,0,0,0,0.171143094004123,0,0,0,0,0,0,0,0,0,0,0,0,0,0,0,0,0,0,0,0,0,0,0,4.00811413801912,0,0,0,29.8016731383721,0,0,0,0,0,0
ENST00000482948,ENSEMBL,ENSG00000094880,ENST00000482948,cell division cycle 23 [Source:HGNC Symbol;Acc:HGNC:1724],737,CDC23,CDC23-206,41.21,protein_coding,NA,NA,NA,NA,NA,0,3.18629128485614,1.36738172050026,0,4.36375718854276,0,0,41.0789691296039,0,0,0,2.90002009477421,0,0,0,4.43994097594588,1.5619411260707,0,0,0,0,0,3.12316151986974,0,0,0,0,0,0,1.07952989151629,0.738650471217555,0,0,0,0,0,0,0,1.7720366178665,0,0,0,0,0,0,2.32327190659822,0,0,0,3.70343619569785,0,0,0,0,0,0,0,0,0,0,0,0,0,0,0,0,0,0,0,0,0,0,9.77207754348751,0,0,0,9.54610701859835,0.0465101227884241,0,0,0,0,0,0,0,0,0,0,0,1.84553566534376,0,0,0,0,47.455333236801,5.81405405117418,0,0,0,0
ENST00000482949,ENSEMBL,ENSG00000182866,ENST00000482949,LCK proto-oncogene; Src family tyrosine kinase [Source:HGNC Symbol;Acc:HGNC:6524],714,LCK,LCK-212,49.59,protein_coding,ENSP00000431517,TYROSINE KINASE LCK EC_2.7.10.2 LYMPHOCYTE CELL SPECIFIC TYROSINE KINASE P56 LCK,PF00018,NA,SH3_domain,0,0,0,0,0,0,0,0,0,0,0,0,0,0,0,0,0,0.000424631075509104,0,0,0,0,0,0,0,0,0,0,0,0.767614880621318,0,0,0,0,0,0,15.3998108594444,0,0,0,0,0,0,0,0,0,0,0,0,0,0,0,0,0,0,0,0,0,0,0,0,0,0,0,0,0,0,0,0,0,0,0,0,0,0,0,0,0,0,0,0,0,0,0,0,0,0,0,0,1.96783847195845,0,0,0,0,0,0,0,0,0,0
ENST00000482950,ENSEMBL,ENSG00000164889,ENST00000482950,solute carrier family 4 member 2 [Source:HGNC Symbol;Acc:HGNC:11028],500,SLC4A2,SLC4A2-212,59.83,protein_coding,ENSP00000419379,ANION EXCHANGE 2 AE 2 ANION EXCHANGER 2 NON ERYTHROID BAND 3  SOLUTE CARRIER FAMILY 4 MEMBER 2,NA,NA,Anion_exchange_2;HCO3_transpt_euk,0,0,0,0,8.57448180792417,0,0,0,0,0,12.3203943356073,5.44162101551285,0,5.54710964956259,0,0,2.24962584431659e-07,0.0174507856301328,0,0,0,0,12.9341249748362,0,0,0,0,0,0,0,6.38853962140031,0,0,3.95634315743468e-08,4.64935380305477e-06,0,0.839447688032021,0,0,0,0,0,0,0,0,0.00273149900070159,0,9.21757368794093,17.6946148399676,15.4264147963697,0,0,0,0,0.000217847479223162,0,0,0,0,0,0,0,0,0,0,0.32062205743887,0,2.18065830728824,0,0,0,0,0,0,0,0,0.87282604967131,0,0,0,0,0,0,0,0,0,0,0,0,0,0,0,0.0191721692175303,10.3518696074203,0,15.7494346650379,0,0,0,0
ENST00000482951,ENSEMBL,ENSG00000147724,ENST00000482951,family with sequence similarity 135 member B [Source:HGNC Symbol;Acc:HGNC:28029],4734,FAM135B,FAM135B-206,42.3,protein_coding,ENSP00000429874,NA,NA,NA,NA,0,0,0,0,0,0,0,0,0,0,0,0,0,0,0,0,0,0,0,0,0,0,0,0,0,0,0,0,0,0,0,0,0,0,0,0,0,0,0,0,0,0,0,0,0,0,0,0,0,0,0,0,0,0,0,0,0,0,0,0,0,0,0,0,0,0,0,3.45783454457046,0,0,0,0,0,0,0,0,0,0,0,0,0,0,0,0,0,0,0,0,0,0,0,0,0,0,0,0,0,0,0,0.140413886755238
ENST00000482952,ENSEMBL,ENSG00000204120,ENST00000482952,GRB10 interacting GYF protein 2 [Source:HGNC Symbol;Acc:HGNC:11960],618,GIGYF2,GIGYF2-237,39.44,protein_coding,NA,NA,NA,NA,NA,73.8272438646953,0,3.24250743829202,0,0,0,0,0,0,0,2.50686754176977,0.905082007404741,0,0,0,0,0,0,0,0,0,0,1.7436151131669,0,0,0,0,0,0,19.8635756563272,11.7739643995862,0,1.72790146862399,2.38181355535842,1.11430069941156,0,0,0,0,0,0,0,0,0,0,0,0,1.61987218357569,0,0,0,23.422397628348,0,0,0.477934272722205,0,0,0,29.447672489026,0,0,0,0,0,0,0,0,0,0,0,0,0,0,0,0,0,0,0,3.53369278797891,0,0,0,0,303.887402650801,0,5.14246055376665,0,0,0,4.16354807089389,0,1.3136169759748,0,2.12122137037344,0,1.1574254781388,0,0,0,2.643659452471
ENST00000482953,ENSEMBL,ENSG00000183486,ENST00000482953,MX dynamin like GTPase 2 [Source:HGNC Symbol;Acc:HGNC:7533],3595,MX2,MX2-209,49.71,protein_coding,NA,NA,NA,NA,NA,1.87169769457193,1.31313528904101,0,0,0.559205569696287,0,0,11.6179578870333,0,4.48814241918133,0,2.6591781858676,3.0286281759388,0,0,245.560730081434,6.92226504372158,0,0,0,0,0,4.0287460020013,0,0,0,0,0,0,11.440491278674,2.8678945455602,0,0,0,4.76907575351637,11.7818644126902,192.32607808346,0,0,0,2.03059399566759,0,0,0,0,1.54679587951934,0,4.03278079577546,0,1.06558084632904,0,0,0,0,3.11633959491678,0,0,2.84102280879085,2.71774268270185,0,0,0,4.55389255976466,5.2799255524869,0,2.26641197099185,4.20731582517829,3.99225660402371,5.57992876311605,0.970009571534537,0,0,5.03386665587117,0,0,0,1.11626003896986,0,0,3.18466722334786,9.8720329393634,0,0,4.18210171572091,0,0.987375807382315,0,0,2.24344892732662,32.4672707193814,0,0.72320205240879,0.759772261246897,0,0,0,2.10181497789815,0,0,10.1728386575587
ENST00000482954,ENSEMBL,ENSG00000090266,ENST00000482954,NADH:ubiquinone oxidoreductase subunit B2 [Source:HGNC Symbol;Acc:HGNC:7697],544,NDUFB2,NDUFB2-215,43.57,protein_coding,ENSP00000419392,NADH DEHYDROGENASE [UBIQUINONE] 1 BETA SUBCOMPLEX SUBUNIT 2 MITOCHONDRIAL PRECURSOR COMPLEX I AGGG CI AGGG NADH UBIQUINONE OXIDOREDUCTASE AGGG SUBUNIT,PF14813,NA,NA,0,5.15773603160191,0,0,3.1557454960796,0,0,0,0,0,0,0.459645940044388,0,0,0,0,0,0,0,0,0,0,0,0,0,0,0,0,0,0.309937080579611,1.668248069686,0,5.60012547930252,0,0,0,0,0,0,0,10.1529699783379,0,0,0,0,0,0,0,0,1.0206572233419,0,0,0,0,0,0,0,0,0,0,0,0,0,1.03488439046128,0,0.766016271553186,0,1.56881740420048,0,0,0,0,0,0,0,0,3.71716453410361,0,0,0,16.5996639856007,0,0,0,0,0,0,0,0,0,0,0,0,0,0,0,0,0,0,0.388914683036291
ENST00000482955,ENSEMBL,ENSG00000083642,ENST00000482955,PDS5 cohesin associated factor B [Source:HGNC Symbol;Acc:HGNC:20418],581,PDS5B,PDS5B-207,36.62,protein_coding,NA,NA,NA,NA,NA,0,6.0370235219491,0,0,0,0,0,0,0,0,0.559869534295639,4.04143983583414,10.3202899022843,53.5265574993851,0,0,0,0,0,0,0,0,0,0,0,0,0,1.81716951998377,0,0,0,0,0.0995474798429234,0,0,0,0,0,0,0,0,0,0,0,0,0.523798642908369,0,0,0,1.23917630732788,0,0,0,0,0,0,0,0,0,0,0,1.51985713819895,0,0,0,0,0,7.27648545713436,0,0.00121397667887119,0,0,0,0,0,0,3.77932161394024,6.04870005907293,0,3.50590847326225,0,0,0,0.836420343144182,0,0,0,0,0,0.582710791189007,0,0,0,0.326886994420655,0.867974576769742,3.97714822340121,0,0,0,1.01327657167022
ENST00000482956,ENSEMBL,ENSG00000184164,ENST00000482956,cysteine rich with EGF like domains 2 [Source:HGNC Symbol;Acc:HGNC:28150],855,CRELD2,CRELD2-208,59.36,protein_coding,NA,NA,NA,NA,NA,0,0.296691370084967,16.5252753525266,0,8.94970434063852,0,0,41.6135888250389,0,0,10.9634188319813,0,9.56505206686327,0,0,0,6.26136228893838,0,0,0,0,0,3.56725386589608,0,0,0,0,0,0,8.68562229796809,5.05053560072189,0,0.7957944642623,15.3803124405668,22.711344838642,15.7360608552585,0,0,0,0,0,0,0,0,0,2.12658243501764,0,10.6983950016277,0,0.0454410705092124,0,0,0,0,6.46188388764467,0,0,0,0,72.436028346961,0,0,0,1.0215714462136,0,5.36903142713141,0,15.5011550780888,0,0,0,0,0,0,0,0,9.66852353620538,15.9012396018116,0,7.32702303572935,14.173939043001,0,0,0,0,0,0,0,1.20105474146769,21.5096839880619,0,0,0,0.663467601699303,0.195347656146854,0,0,0,0,8.32652884777417
ENST00000482957,ENSEMBL,ENSG00000075043,ENST00000482957,potassium voltage-gated channel subfamily Q member 2 [Source:HGNC Symbol;Acc:HGNC:6296],600,KCNQ2,KCNQ2-208,62.3,protein_coding,NA,NA,NA,NA,NA,0,0,0,0,0,0,0,0,0,0,0,0,0,0,0,0,0,0.588519682656577,0,0,0,0,0,0,0,0,0,0,0,0,0,0,0,0.474755474713018,0,0,0,0,0,0,0,0,0,0,0,0,0,0.424401385328096,0,0,0,0,0,0,0,0,0,0,0,0,0,0,0,0,0,0.278409401096257,0,0,0,0,0,0,0,0,0,0,0.209531683568313,0,0,0,0,0,0,0,0,0,0,0,0,0,0,0,0,0,0,0,0,0,0,0
ENST00000482958,ENSEMBL,ENSG00000114200,ENST00000482958,butyrylcholinesterase [Source:HGNC Symbol;Acc:HGNC:983],2527,BCHE,BCHE-203,32.3,protein_coding,ENSP00000419804,CHOLINESTERASE EC_3.1.1.8 ACYLCHOLINE ACYLHYDROLASE BUTYRYLCHOLINE ESTERASE CHOLINE ESTERASE II PSEUDOCHOLINESTERASE,PF00135,NA,Cholinesterase;CarbesteraseB;Carboxylesterase_B_CS;Carboxylesterase_B_AS;AB_hydrolase,0,0,0,0,0,0,0,0,0,0,0,0,0,0,0,0,0,0,0,0,0,0,0,0,0,0,0,0,0,0,0,0,0,0,0,0,0,0,0,0,0,0,0,0,0,0,0,9.05664068262451,0,0,0,0,0,0,0,0,0,0,0,0,0,0,0,0,0,6.24602794301182,0,0,0,0,0,0,0,0,0,0,0,0,0,0,0,0,0,0,0,0,0,0,0,0,0,0,0,0,0,0,0,0,0,0
ENST00000482960,ENSEMBL,ENSG00000170906,ENST00000482960,NADH:ubiquinone oxidoreductase subunit A3 [Source:HGNC Symbol;Acc:HGNC:7686],266,NDUFA3,NDUFA3-212,54.99,protein_coding,NA,NA,NA,NA,NA,0,2.23314586676269,0.936442231112362,0,0.857308011455484,0,0,0,0,0,1.2783070614298,4.64816024454167,2.31810820811024,0,0,0,0.397640662695788,1.23123025769217,0,0,0,0,0.369940723254954,0,0,0,0,36.4133514261948,6.28711274875936,5.44457648353659,2.43395156200863,17.9205620940714,0.805191858442178,4.37393940173045,0.363344310960829,1.56934280095165,3.05897758565132,0,0,0,0,0,0,0,0,2.99708339966706,0,0,1.31503716455493,0.946449816068585,0,0,0.860420792405672,0,1.76967980141809,0,0,0,6.59177029633116,0,1.10939397186648,0,0,1.27112771301806,0,3.77064498855179,1.95558254871651,0,1.31419226219411,10.9851643957143,0,0,0,1.5241711367191,0,17.1135027632591,0.372086679656619,0,0,1.31890140585849,0,0.803145684923849,0,0,0,3.04038682864007,0,0,8.61168857692149,1.73701303986351,0,9.81587681693402,1.51954452249379,0.628686947317437,0,0,8.80021523986045,0,0,3.08497120368314
ENST00000482961,ENSEMBL,ENSG00000121964,ENST00000482961,glycosyltransferase like domain containing 1 [Source:HGNC Symbol;Acc:HGNC:20887],140,GTDC1,GTDC1-216,36.87,protein_coding,NA,NA,NA,NA,NA,0,0,0,0,0,0,0,0,0,0,0,0,0,0,0,0,0,0,0,0,0,0,0,0,0,0,0,0,0,0,0.365427985772901,0,0,0,0,0,0,0,0,0,0,0,0,0,0,0,0,0,0.054947656739178,0.173850219967969,0,0,0,0,0,0,0,0,0,0,0,0,0,0,0,0,0,0,0,0,0,0,0,0,0,0,0,0,0,0,0,0,0,0,0,0,0,0,0,0,0,0,0,0,0,0,0,0,0,0
ENST00000482962,ENSEMBL,ENSG00000143761,ENST00000482962,ADP ribosylation factor 1 [Source:HGNC Symbol;Acc:HGNC:652],597,ARF1,ARF1-210,52.33,protein_coding,NA,NA,NA,NA,NA,0,0,2.36325872887172,0,0,0,0,0,0,0,0,0,0,0,0,0,2.33995736161715,0,0,0,0,0,1.24057534265171,0,0,0,0,0,0,1.07864463968581,0,0,0,0,0,8.03023705373627,0,0,0,0,0,0,0,0,0,0,0,10.1324133141542,0,4.49512921731938,0,0,0,0,1.52464127871134,0,0,0,0,1.45432297813072,0,0,0,0,0,0,0,0,0,0,0,0,0,0,0,0,0,0,0,5.15917424589746,0,0,0,0,0,0,0,0,6.09930425198463,0,0,0,0,3.89504069231011,0,0,0,0,0,0
ENST00000482963,ENSEMBL,ENSG00000107902,ENST00000482963,phospholysine phosphohistidine inorganic pyrophosphate phosphatase [Source:HGNC Symbol;Acc:HGNC:30042],1555,LHPP,LHPP-205,53.49,protein_coding,NA,NA,NA,NA,NA,0,5.26345651878536,0,0,0.752736294974732,0,0,0,0,0,0,3.18856167686998,0,0,0,0,0,0,0,0,0,0,0.214598388420527,0,0,0,0,1.81716951998377,0,6.06439162790712,0,0,1.61038371688436,0,1.46064413006253,0,1.01965919521711,0,0,0,0,0,0,0,0,0.616233697539258,0,0,3.02115706943393,0.168714549093561,0,0,0,0,0.438367245172899,0,0,0,0,0,0,0,0,4.89074861768453,0,0,0,0,0,0,0,0,0,0,0,0,0,0,0,0.866498307185438,0,0,0,0,0,0,0,0,0,6.61769278481283,0,0,0,0,0,0,0,0,0,0.489689639260568
ENST00000482964,ENSEMBL,ENSG00000127249,ENST00000482964,ATPase 13A4 [Source:HGNC Symbol;Acc:HGNC:25422],872,ATP13A4,ATP13A4-209,38.91,protein_coding,NA,NA,NA,NA,NA,0,1.17061458069804,0,0,0,0,0,0,0,0,0,0,0,0,0,0,0,0,0,0,0,0,0,0,0,0,0,0,0,0,0,0,0,0,0,0,0,0,1.94197323050264,0,0,0,0,0,0,0,0,0,0,0,0,0,0,0,0,0,0,0,0,1.04250301293214,0,0,0,2.59433776553085,0,0.431526806468599,0,0,0,0,0,0,0,0,0,0,0,0,0,0,0,0,0,0,0,0,0,0,0,0,0,0,0,0,0,0,0,0,0,0
ENST00000482965,ENSEMBL,ENSG00000114520,ENST00000482965,sorting nexin 4 [Source:HGNC Symbol;Acc:HGNC:11175],578,SNX4,SNX4-205,40.09,protein_coding,NA,NA,NA,NA,NA,0,0.00994984275652637,0,0,0,0,0,0,0,9.66889497649072,1.60925473638996,7.22222780922452,0,0,0,0,0,7.90968099411709,0,0,0,0,0,0,0,0,0,5.45150855995132,0,4.64246021466312,1.53893752715683,2.59376475293483,0,6.92163551968075,0,4.65269399626617,0,0,0,0,0,0,0,0,0,1.12954096174702,0,13.9682379150266,15.9584162953053,2.17547288183201,0,0,0,0,0,0,0,0,0.678272433452093,3.25593498495952,14.0581987992236,0,0,3.07729426590731,0,9.23572800418277,0,3.38379380947469,1.85997625437202,0,0,0,8.06789554625337,0,0,0.982089727943894,3.88774767239218,0,25.0019536424535,2.80339930320319,8.78005722258989,0,0,1.24650050898091,0,1.06524026355248,0,0,0,0.490155716325359,0,0,4.6945872159089e-05,0,0,0,0,0,0,3.73646213367574
ENST00000482967,ENSEMBL,ENSG00000101391,ENST00000482967,CDK5 regulatory subunit associated protein 1 [Source:HGNC Symbol;Acc:HGNC:15880],840,CDK5RAP1,CDK5RAP1-213,44.4,protein_coding,NA,NA,NA,NA,NA,0,37.1490886697501,64.9142320731644,0,13.0324058352445,0,0,0,0,0,14.5429432004269,7.73657832952738,12.8588206001973,0,0,0,23.1440833749316,48.5341588932591,0,0,0,0,2.90461766398747e-06,0,0,0,0,0,0,2.07826753509172,25.9656211176759,0,16.0744476660104,15.0789136808234,0,1.42055038533176,11.3154639870828,0,10.4188250009872,4.12892799237688,0,0,0,0,0,0,0,6.35272004050526,22.7708837943133,9.58310448869863,3.68680175489208,0,0,0,10.9493617030306,55.9779622804744,0,0,0,73.8780185144487,0,0,0,16.4438165466869,0,30.9213639483016,0,17.2868589498805,0,0,0,0,47.8628431417991,0,0,0,12.6942579978371,0,11.1620805337506,0,0,0,0,0,0,32.6894458053293,0,0,44.7677486170066,0,0,0,34.1788870127745,14.635059309432,0,0,0,0,0,14.8752963867119
ENST00000482968,ENSEMBL,ENSG00000092621,ENST00000482968,phosphoglycerate dehydrogenase [Source:HGNC Symbol;Acc:HGNC:8923],1754,PHGDH,PHGDH-205,43.78,protein_coding,NA,NA,NA,NA,NA,0,2.65570974526285,3.65132905561192,0,1.01440010025956,0,0,0,0,123.423916527486,0,6.55886225236784,9.22335284715001,0,0,0,0,2.30597313176596,0,0,0,0,1.15245110564382,0,0,0,0,0,0,1.45903387966867,0,0,6.60660725043666,0,0.459645087137888,0,0,0,0,0,19.7543290977528,0,0,0,0,1.88915375369274,0,1.15396434276251,3.18074062815557,0.519620565462277,0,7.16283395933041,0,0,0.702575567511057,0,0,0,27.6353963740854,52.1773800475547,0,0,0,0.757168407721093,0,1.99331312482229,0,3.42012665591097,0,0,0,0,0,0,0,0,1.82678559984175,0,10.6375812162547,0,0,0,0,0,0,0,0,0,0,0,0,0,3.6691453880718,0,0,2.23984008922042,0,0,0,0.903896121197609
ENST00000482969,ENSEMBL,ENSG00000188130,ENST00000482969,mitogen-activated protein kinase 12 [Source:HGNC Symbol;Acc:HGNC:6874],2101,MAPK12,MAPK12-205,64.68,protein_coding,NA,NA,NA,NA,NA,0,4.36062173368059,2.21105257303055,0,1.38213435570465,0,0,0,0,0,6.77783386284157,29.7272708614224,9.02822817552508,0,0,0,2.9376532645512,0,0,0,0,0,3.77077312950253,0,0,0,0,0,0,10.7137168837262,24.97927531758,0,4.58271725464932,0,0,0,0,50.5389119085511,0,0,0,0,0,0,0,22.0752165002093,0,0.800252100977429,2.85810522239659,13.334084444331,0,0,0,0,7.6573990386802,0,0,0,0,0,0,0,0,21.1466077465398,0,29.7906600926655,0,0,0,0,0,0,0,0,0,0,8.20797169254925,0,0,2.69574555351847,0,0,0,0,0,0,0,0,0,0,0,0,0.158122283466182,1.33202708644134,0,6.95871567324169,157.309291113298,0,0,12.3429072653565
ENST00000482971,ENSEMBL,ENSG00000225553,ENST00000482971,PHD finger protein 1 [Source:HGNC Symbol;Acc:HGNC:8919],933,PHF1,PHF1-221,57.53,protein_coding,NA,NA,NA,NA,NA,0,0,0,0,0,0,0,0,0,0,1.10284654573413,1.25440994954009,0,0,0,0,1.58121515860828,1.52717326531286,0,0,0,0,0.782415081242443,0,0,0,0,0,0,4.63956144886526,1.54490761704486,0,1.13102884779797,0,0.800647356417736,1.24549083916227,3.75504793526628,0,4.00372659582717,0,0,0,0,0,0,0.768067518275956,0,0,0,1.51427212820689,0,0,0,0,1.36523779734912,0,0,0,0,0,0,0,0,0.763214738542682,0,2.40493505685401,0,0,0,0,0,0,0,0,0,0,1.52709582544592,0,0,0,0,0,0,0,0,0,0,0,0,5.34620720984488,0,0,0,0,0,2.39728986760518,0,0,0,2.24557893321676
